

> @human-0/docs@1.8.2 prebuild /home/ed/Documents/LSTS/human-0.com/apps/docs
> cd ../.. && ./scripts/copy-locales.sh

📦 Copying locales from i18n package...
✅ Copied locale files:
total 208
drwxrwxr-x  2 ed ed  4096 Nov 28 16:57 .
drwxrwxr-x 13 ed ed  4096 Dec  1 02:56 ..
-rw-rw-r--  1 ed ed 17822 Dec  1 03:19 ar-SA.json
-rw-rw-r--  1 ed ed 18835 Dec  1 03:19 de-DE.json
-rw-rw-r--  1 ed ed 16937 Dec  1 03:19 en.json
-rw-rw-r--  1 ed ed 16992 Dec  1 03:19 es-CO.json
-rw-rw-r--  1 ed ed 17917 Dec  1 03:19 es-ES.json
-rw-rw-r--  1 ed ed 18095 Dec  1 03:19 es.json
-rw-rw-r--  1 ed ed 17918 Dec  1 03:19 es-MX.json
-rw-rw-r--  1 ed ed 17006 Dec  1 03:19 fr-FR.json
-rw-rw-r--  1 ed ed 16880 Dec  1 03:19 pt-BR.json
-rw-rw-r--  1 ed ed 16610 Dec  1 03:19 zh-CN.json
🌐 Available locales:
ar-SA
de-DE
en
es-CO
es-ES
es
es-MX
fr-FR
pt-BR
zh-CN
🎯 Build-time locale copying complete!

> @human-0/docs@1.8.2 build /home/ed/Documents/LSTS/human-0.com/apps/docs
> docusaurus build

[36m[1m[INFO][22m[39m Website will be built for all these locales: 
- en
- de
- es
- pt
- fr
- ar
- zh
[36m[1m[INFO][22m[39m [34m[1m[en][22m[39m Creating an optimized production build...

[32m●[39m [32mClient[39m [37m█[39m[37m█[39m[37m█[39m[37m█[39m[37m█[39m[37m█[39m[37m█[39m[37m█[39m[37m█[39m[37m█[39m[37m█[39m[37m█[39m[37m█[39m[37m█[39m[37m█[39m[37m█[39m[37m█[39m[37m█[39m[37m█[39m[37m█[39m[37m█[39m[37m█[39m[37m█[39m[37m█[39m[37m█[39m  (0%)  
 

[33m◯ Server[39m
[90m  [39m

[2K[1A[2K[1A[2K[1A[2K[1A[2K[1A[2K[1A[2K[1A[2K[G
[32m●[39m [32mClient[39m [32m█[39m[32m█[39m[32m█[39m[37m█[39m[37m█[39m[37m█[39m[37m█[39m[37m█[39m[37m█[39m[37m█[39m[37m█[39m[37m█[39m[37m█[39m[37m█[39m[37m█[39m[37m█[39m[37m█[39m[37m█[39m[37m█[39m[37m█[39m[37m█[39m[37m█[39m[37m█[39m[37m█[39m[37m█[39m setup (9%) [90mcompilation[39m 
 [90mExportsInfoApiPlugin[39m

[33m◯ Server[39m
[90m  [39m

[2K[1A[2K[1A[2K[1A[2K[1A[2K[1A[2K[1A[2K[1A[2K[G
[32m●[39m [32mClient[39m [32m█[39m[32m█[39m[32m█[39m[37m█[39m[37m█[39m[37m█[39m[37m█[39m[37m█[39m[37m█[39m[37m█[39m[37m█[39m[37m█[39m[37m█[39m[37m█[39m[37m█[39m[37m█[39m[37m█[39m[37m█[39m[37m█[39m[37m█[39m[37m█[39m[37m█[39m[37m█[39m[37m█[39m[37m█[39m building (10%) [90m0/1 entries 0/0 dependencies 0/0 modules 0 active[39m 
 

[33m●[39m [33mServer[39m [33m█[39m[33m█[39m[33m█[39m[37m█[39m[37m█[39m[37m█[39m[37m█[39m[37m█[39m[37m█[39m[37m█[39m[37m█[39m[37m█[39m[37m█[39m[37m█[39m[37m█[39m[37m█[39m[37m█[39m[37m█[39m[37m█[39m[37m█[39m[37m█[39m[37m█[39m[37m█[39m[37m█[39m[37m█[39m setup (9%) [90mcompilation[39m 
 [90mEntryPlugin[39m

[2K[1A[2K[1A[2K[1A[2K[1A[2K[1A[2K[1A[2K[1A[2K[G
[32m●[39m [32mClient[39m [32m█[39m[32m█[39m[32m█[39m[37m█[39m[37m█[39m[37m█[39m[37m█[39m[37m█[39m[37m█[39m[37m█[39m[37m█[39m[37m█[39m[37m█[39m[37m█[39m[37m█[39m[37m█[39m[37m█[39m[37m█[39m[37m█[39m[37m█[39m[37m█[39m[37m█[39m[37m█[39m[37m█[39m[37m█[39m building (10%) [90m0/1 entries 0/0 dependencies 0/0 modules 0 active[39m 
 

[33m●[39m [33mServer[39m [33m█[39m[33m█[39m[33m█[39m[37m█[39m[37m█[39m[37m█[39m[37m█[39m[37m█[39m[37m█[39m[37m█[39m[37m█[39m[37m█[39m[37m█[39m[37m█[39m[37m█[39m[37m█[39m[37m█[39m[37m█[39m[37m█[39m[37m█[39m[37m█[39m[37m█[39m[37m█[39m[37m█[39m[37m█[39m building (10%) [90m0/1 entries 1/1 dependencies 0/0 modules 0 active[39m 
 

[2K[1A[2K[1A[2K[1A[2K[1A[2K[1A[2K[1A[2K[1A[2K[G
[32m●[39m [32mClient[39m [32m█[39m[32m█[39m[32m█[39m[37m█[39m[37m█[39m[37m█[39m[37m█[39m[37m█[39m[37m█[39m[37m█[39m[37m█[39m[37m█[39m[37m█[39m[37m█[39m[37m█[39m[37m█[39m[37m█[39m[37m█[39m[37m█[39m[37m█[39m[37m█[39m[37m█[39m[37m█[39m[37m█[39m[37m█[39m building (10%) [90m0/1 entries 1/1 dependencies 0/0 modules 0 active[39m 
 

[33m●[39m [33mServer[39m [33m█[39m[33m█[39m[33m█[39m[37m█[39m[37m█[39m[37m█[39m[37m█[39m[37m█[39m[37m█[39m[37m█[39m[37m█[39m[37m█[39m[37m█[39m[37m█[39m[37m█[39m[37m█[39m[37m█[39m[37m█[39m[37m█[39m[37m█[39m[37m█[39m[37m█[39m[37m█[39m[37m█[39m[37m█[39m building (10%) [90m0/1 entries 1/1 dependencies 0/0 modules 0 active[39m 
 

[2K[1A[2K[1A[2K[1A[2K[1A[2K[1A[2K[1A[2K[1A[2K[G
[32m●[39m [32mClient[39m [32m█[39m[32m█[39m[32m█[39m[37m█[39m[37m█[39m[37m█[39m[37m█[39m[37m█[39m[37m█[39m[37m█[39m[37m█[39m[37m█[39m[37m█[39m[37m█[39m[37m█[39m[37m█[39m[37m█[39m[37m█[39m[37m█[39m[37m█[39m[37m█[39m[37m█[39m[37m█[39m[37m█[39m[37m█[39m building (10%) [90m0/1 entries 1/1 dependencies 0/0 modules 0 active[39m 
 

[33m●[39m [33mServer[39m [33m█[39m[33m█[39m[33m█[39m[37m█[39m[37m█[39m[37m█[39m[37m█[39m[37m█[39m[37m█[39m[37m█[39m[37m█[39m[37m█[39m[37m█[39m[37m█[39m[37m█[39m[37m█[39m[37m█[39m[37m█[39m[37m█[39m[37m█[39m[37m█[39m[37m█[39m[37m█[39m[37m█[39m[37m█[39m building (10%) [90m0/1 entries 30/72 dependencies 5/22 modules 0 active[39m 
 

[2K[1A[2K[1A[2K[1A[2K[1A[2K[1A[2K[1A[2K[1A[2K[G
[32m●[39m [32mClient[39m [32m█[39m[32m█[39m[32m█[39m[37m█[39m[37m█[39m[37m█[39m[37m█[39m[37m█[39m[37m█[39m[37m█[39m[37m█[39m[37m█[39m[37m█[39m[37m█[39m[37m█[39m[37m█[39m[37m█[39m[37m█[39m[37m█[39m[37m█[39m[37m█[39m[37m█[39m[37m█[39m[37m█[39m[37m█[39m building (12%) [90m0/1 entries 145/238 dependencies 28/65 modules 0 active[39m 
 

[33m●[39m [33mServer[39m [33m█[39m[33m█[39m[33m█[39m[37m█[39m[37m█[39m[37m█[39m[37m█[39m[37m█[39m[37m█[39m[37m█[39m[37m█[39m[37m█[39m[37m█[39m[37m█[39m[37m█[39m[37m█[39m[37m█[39m[37m█[39m[37m█[39m[37m█[39m[37m█[39m[37m█[39m[37m█[39m[37m█[39m[37m█[39m building (10%) [90m0/1 entries 30/72 dependencies 5/22 modules 0 active[39m 
 

[2K[1A[2K[1A[2K[1A[2K[1A[2K[1A[2K[1A[2K[1A[2K[G
[32m●[39m [32mClient[39m [32m█[39m[32m█[39m[32m█[39m[37m█[39m[37m█[39m[37m█[39m[37m█[39m[37m█[39m[37m█[39m[37m█[39m[37m█[39m[37m█[39m[37m█[39m[37m█[39m[37m█[39m[37m█[39m[37m█[39m[37m█[39m[37m█[39m[37m█[39m[37m█[39m[37m█[39m[37m█[39m[37m█[39m[37m█[39m building (12%) [90m0/1 entries 145/238 dependencies 28/65 modules 0 active[39m 
 

[33m●[39m [33mServer[39m [33m█[39m[33m█[39m[33m█[39m[33m█[39m[33m█[39m[33m█[39m[37m█[39m[37m█[39m[37m█[39m[37m█[39m[37m█[39m[37m█[39m[37m█[39m[37m█[39m[37m█[39m[37m█[39m[37m█[39m[37m█[39m[37m█[39m[37m█[39m[37m█[39m[37m█[39m[37m█[39m[37m█[39m[37m█[39m building (21%) [90m0/1 entries 457/600 dependencies 115/193 modules 0 active[39m 
 

[2K[1A[2K[1A[2K[1A[2K[1A[2K[1A[2K[1A[2K[1A[2K[G
[32m●[39m [32mClient[39m [32m█[39m[32m█[39m[32m█[39m[32m█[39m[32m█[39m[37m█[39m[37m█[39m[37m█[39m[37m█[39m[37m█[39m[37m█[39m[37m█[39m[37m█[39m[37m█[39m[37m█[39m[37m█[39m[37m█[39m[37m█[39m[37m█[39m[37m█[39m[37m█[39m[37m█[39m[37m█[39m[37m█[39m[37m█[39m building (19%) [90m0/1 entries 415/662 dependencies 100/180 modules 0 active[39m 
 

[33m●[39m [33mServer[39m [33m█[39m[33m█[39m[33m█[39m[33m█[39m[33m█[39m[33m█[39m[37m█[39m[37m█[39m[37m█[39m[37m█[39m[37m█[39m[37m█[39m[37m█[39m[37m█[39m[37m█[39m[37m█[39m[37m█[39m[37m█[39m[37m█[39m[37m█[39m[37m█[39m[37m█[39m[37m█[39m[37m█[39m[37m█[39m building (21%) [90m0/1 entries 457/600 dependencies 115/193 modules 0 active[39m 
 

[2K[1A[2K[1A[2K[1A[2K[1A[2K[1A[2K[1A[2K[1A[2K[G
[32m●[39m [32mClient[39m [32m█[39m[32m█[39m[32m█[39m[32m█[39m[32m█[39m[37m█[39m[37m█[39m[37m█[39m[37m█[39m[37m█[39m[37m█[39m[37m█[39m[37m█[39m[37m█[39m[37m█[39m[37m█[39m[37m█[39m[37m█[39m[37m█[39m[37m█[39m[37m█[39m[37m█[39m[37m█[39m[37m█[39m[37m█[39m building (19%) [90m0/1 entries 415/662 dependencies 100/180 modules 0 active[39m 
 

[33m●[39m [33mServer[39m [33m█[39m[33m█[39m[33m█[39m[33m█[39m[33m█[39m[33m█[39m[33m█[39m[33m█[39m[37m█[39m[37m█[39m[37m█[39m[37m█[39m[37m█[39m[37m█[39m[37m█[39m[37m█[39m[37m█[39m[37m█[39m[37m█[39m[37m█[39m[37m█[39m[37m█[39m[37m█[39m[37m█[39m[37m█[39m building (30%) [90m0/1 entries 874/994 dependencies 200/298 modules 0 active[39m 
 

[2K[1A[2K[1A[2K[1A[2K[1A[2K[1A[2K[1A[2K[1A[2K[G
[32m●[39m [32mClient[39m [32m█[39m[32m█[39m[32m█[39m[32m█[39m[32m█[39m[32m█[39m[32m█[39m[37m█[39m[37m█[39m[37m█[39m[37m█[39m[37m█[39m[37m█[39m[37m█[39m[37m█[39m[37m█[39m[37m█[39m[37m█[39m[37m█[39m[37m█[39m[37m█[39m[37m█[39m[37m█[39m[37m█[39m[37m█[39m building (28%) [90m0/1 entries 925/1020 dependencies 198/300 modules 0 active[39m 
 

[33m●[39m [33mServer[39m [33m█[39m[33m█[39m[33m█[39m[33m█[39m[33m█[39m[33m█[39m[33m█[39m[33m█[39m[37m█[39m[37m█[39m[37m█[39m[37m█[39m[37m█[39m[37m█[39m[37m█[39m[37m█[39m[37m█[39m[37m█[39m[37m█[39m[37m█[39m[37m█[39m[37m█[39m[37m█[39m[37m█[39m[37m█[39m building (30%) [90m0/1 entries 874/994 dependencies 200/298 modules 0 active[39m 
 

[2K[1A[2K[1A[2K[1A[2K[1A[2K[1A[2K[1A[2K[1A[2K[G
[32m●[39m [32mClient[39m [32m█[39m[32m█[39m[32m█[39m[32m█[39m[32m█[39m[32m█[39m[32m█[39m[37m█[39m[37m█[39m[37m█[39m[37m█[39m[37m█[39m[37m█[39m[37m█[39m[37m█[39m[37m█[39m[37m█[39m[37m█[39m[37m█[39m[37m█[39m[37m█[39m[37m█[39m[37m█[39m[37m█[39m[37m█[39m building (28%) [90m0/1 entries 956/1107 dependencies 205/312 modules 1 active[39m 
 [90mlocales|lazy|/^\.\/.*\.json$/|referencedExports: [["default"],[],["default"],[]]|groupOptions: {}|namespace object[39m

[33m●[39m [33mServer[39m [33m█[39m[33m█[39m[33m█[39m[33m█[39m[33m█[39m[33m█[39m[33m█[39m[33m█[39m[37m█[39m[37m█[39m[37m█[39m[37m█[39m[37m█[39m[37m█[39m[37m█[39m[37m█[39m[37m█[39m[37m█[39m[37m█[39m[37m█[39m[37m█[39m[37m█[39m[37m█[39m[37m█[39m[37m█[39m building (30%) [90m0/1 entries 874/994 dependencies 200/298 modules 0 active[39m 
 

[2K[1A[2K[1A[2K[1A[2K[1A[2K[1A[2K[1A[2K[1A[2K[G
[32m●[39m [32mClient[39m [32m█[39m[32m█[39m[32m█[39m[32m█[39m[32m█[39m[32m█[39m[32m█[39m[32m█[39m[32m█[39m[32m█[39m[37m█[39m[37m█[39m[37m█[39m[37m█[39m[37m█[39m[37m█[39m[37m█[39m[37m█[39m[37m█[39m[37m█[39m[37m█[39m[37m█[39m[37m█[39m[37m█[39m[37m█[39m building (38%) [90m0/1 entries 1227/1335 dependencies 312/415 modules 0 active[39m 
 

[33m●[39m [33mServer[39m [33m█[39m[33m█[39m[33m█[39m[33m█[39m[33m█[39m[33m█[39m[33m█[39m[33m█[39m[37m█[39m[37m█[39m[37m█[39m[37m█[39m[37m█[39m[37m█[39m[37m█[39m[37m█[39m[37m█[39m[37m█[39m[37m█[39m[37m█[39m[37m█[39m[37m█[39m[37m█[39m[37m█[39m[37m█[39m building (30%) [90m0/1 entries 874/994 dependencies 200/298 modules 0 active[39m 
 

[2K[1A[2K[1A[2K[1A[2K[1A[2K[1A[2K[1A[2K[1A[2K[G
[32m●[39m [32mClient[39m [32m█[39m[32m█[39m[32m█[39m[32m█[39m[32m█[39m[32m█[39m[32m█[39m[32m█[39m[32m█[39m[32m█[39m[37m█[39m[37m█[39m[37m█[39m[37m█[39m[37m█[39m[37m█[39m[37m█[39m[37m█[39m[37m█[39m[37m█[39m[37m█[39m[37m█[39m[37m█[39m[37m█[39m[37m█[39m building (38%) [90m0/1 entries 1227/1335 dependencies 312/415 modules 0 active[39m 
 

[33m●[39m [33mServer[39m [33m█[39m[33m█[39m[33m█[39m[33m█[39m[33m█[39m[33m█[39m[33m█[39m[33m█[39m[33m█[39m[33m█[39m[33m█[39m[33m█[39m[37m█[39m[37m█[39m[37m█[39m[37m█[39m[37m█[39m[37m█[39m[37m█[39m[37m█[39m[37m█[39m[37m█[39m[37m█[39m[37m█[39m[37m█[39m building (47%) [90m0/1 entries 1400/1456 dependencies 357/445 modules 0 active[39m 
 

[2K[1A[2K[1A[2K[1A[2K[1A[2K[1A[2K[1A[2K[1A[2K[G
[32m●[39m [32mClient[39m [32m█[39m[32m█[39m[32m█[39m[32m█[39m[32m█[39m[32m█[39m[32m█[39m[32m█[39m[32m█[39m[32m█[39m[37m█[39m[37m█[39m[37m█[39m[37m█[39m[37m█[39m[37m█[39m[37m█[39m[37m█[39m[37m█[39m[37m█[39m[37m█[39m[37m█[39m[37m█[39m[37m█[39m[37m█[39m building (38%) [90m0/1 entries 1227/1335 dependencies 312/415 modules 0 active[39m 
 

[33m●[39m [33mServer[39m [33m█[39m[33m█[39m[33m█[39m[33m█[39m[33m█[39m[33m█[39m[33m█[39m[33m█[39m[33m█[39m[33m█[39m[33m█[39m[33m█[39m[33m█[39m[33m█[39m[33m█[39m[33m█[39m[33m█[39m[37m█[39m[37m█[39m[37m█[39m[37m█[39m[37m█[39m[37m█[39m[37m█[39m[37m█[39m building (65%) [90m1/1 entries 1779/1779 dependencies 528/528 modules 0 active[39m 
 

[2K[1A[2K[1A[2K[1A[2K[1A[2K[1A[2K[1A[2K[1A[2K[G
[32m●[39m [32mClient[39m [32m█[39m[32m█[39m[32m█[39m[32m█[39m[32m█[39m[32m█[39m[32m█[39m[32m█[39m[32m█[39m[32m█[39m[37m█[39m[37m█[39m[37m█[39m[37m█[39m[37m█[39m[37m█[39m[37m█[39m[37m█[39m[37m█[39m[37m█[39m[37m█[39m[37m█[39m[37m█[39m[37m█[39m[37m█[39m building (38%) [90m0/1 entries 1227/1335 dependencies 312/415 modules 0 active[39m 
 

[33m●[39m [33mServer[39m [33m█[39m[33m█[39m[33m█[39m[33m█[39m[33m█[39m[33m█[39m[33m█[39m[33m█[39m[33m█[39m[33m█[39m[33m█[39m[33m█[39m[33m█[39m[33m█[39m[33m█[39m[33m█[39m[33m█[39m[33m█[39m[37m█[39m[37m█[39m[37m█[39m[37m█[39m[37m█[39m[37m█[39m[37m█[39m sealing (70%)  
 [90mplugins[39m

[2K[1A[2K[1A[2K[1A[2K[1A[2K[1A[2K[1A[2K[1A[2K[G
[32m●[39m [32mClient[39m [32m█[39m[32m█[39m[32m█[39m[32m█[39m[32m█[39m[32m█[39m[32m█[39m[32m█[39m[32m█[39m[32m█[39m[37m█[39m[37m█[39m[37m█[39m[37m█[39m[37m█[39m[37m█[39m[37m█[39m[37m█[39m[37m█[39m[37m█[39m[37m█[39m[37m█[39m[37m█[39m[37m█[39m[37m█[39m building (38%) [90m0/1 entries 1227/1335 dependencies 312/415 modules 0 active[39m 
 

[33m●[39m [33mServer[39m [33m█[39m[33m█[39m[33m█[39m[33m█[39m[33m█[39m[33m█[39m[33m█[39m[33m█[39m[33m█[39m[33m█[39m[33m█[39m[33m█[39m[33m█[39m[33m█[39m[33m█[39m[33m█[39m[33m█[39m[33m█[39m[37m█[39m[37m█[39m[37m█[39m[37m█[39m[37m█[39m[37m█[39m[37m█[39m sealing (71%)  
 [90mdependencies optimization[39m

[2K[1A[2K[1A[2K[1A[2K[1A[2K[1A[2K[1A[2K[1A[2K[G
[32m●[39m [32mClient[39m [32m█[39m[32m█[39m[32m█[39m[32m█[39m[32m█[39m[32m█[39m[32m█[39m[32m█[39m[32m█[39m[32m█[39m[37m█[39m[37m█[39m[37m█[39m[37m█[39m[37m█[39m[37m█[39m[37m█[39m[37m█[39m[37m█[39m[37m█[39m[37m█[39m[37m█[39m[37m█[39m[37m█[39m[37m█[39m building (38%) [90m0/1 entries 1227/1335 dependencies 312/415 modules 0 active[39m 
 

[33m●[39m [33mServer[39m [33m█[39m[33m█[39m[33m█[39m[33m█[39m[33m█[39m[33m█[39m[33m█[39m[33m█[39m[33m█[39m[33m█[39m[33m█[39m[33m█[39m[33m█[39m[33m█[39m[33m█[39m[33m█[39m[33m█[39m[33m█[39m[33m█[39m[33m█[39m[37m█[39m[37m█[39m[37m█[39m[37m█[39m[37m█[39m sealing (80%)  
 [90mmodule ids[39m

[2K[1A[2K[1A[2K[1A[2K[1A[2K[1A[2K[1A[2K[1A[2K[G
[32m●[39m [32mClient[39m [32m█[39m[32m█[39m[32m█[39m[32m█[39m[32m█[39m[32m█[39m[32m█[39m[32m█[39m[32m█[39m[32m█[39m[37m█[39m[37m█[39m[37m█[39m[37m█[39m[37m█[39m[37m█[39m[37m█[39m[37m█[39m[37m█[39m[37m█[39m[37m█[39m[37m█[39m[37m█[39m[37m█[39m[37m█[39m building (38%) [90m0/1 entries 1227/1335 dependencies 312/415 modules 0 active[39m 
 

[33m●[39m [33mServer[39m [33m█[39m[33m█[39m[33m█[39m[33m█[39m[33m█[39m[33m█[39m[33m█[39m[33m█[39m[33m█[39m[33m█[39m[33m█[39m[33m█[39m[33m█[39m[33m█[39m[33m█[39m[33m█[39m[33m█[39m[33m█[39m[33m█[39m[33m█[39m[33m█[39m[33m█[39m[37m█[39m[37m█[39m[37m█[39m sealing (87%)  
 [90mcode generation[39m

[2K[1A[2K[1A[2K[1A[2K[1A[2K[1A[2K[1A[2K[1A[2K[G
[32m●[39m [32mClient[39m [32m█[39m[32m█[39m[32m█[39m[32m█[39m[32m█[39m[32m█[39m[32m█[39m[32m█[39m[32m█[39m[32m█[39m[37m█[39m[37m█[39m[37m█[39m[37m█[39m[37m█[39m[37m█[39m[37m█[39m[37m█[39m[37m█[39m[37m█[39m[37m█[39m[37m█[39m[37m█[39m[37m█[39m[37m█[39m building (38%) [90m0/1 entries 1227/1335 dependencies 312/415 modules 0 active[39m 
 

[33m●[39m [33mServer[39m [33m█[39m[33m█[39m[33m█[39m[33m█[39m[33m█[39m[33m█[39m[33m█[39m[33m█[39m[33m█[39m[33m█[39m[33m█[39m[33m█[39m[33m█[39m[33m█[39m[33m█[39m[33m█[39m[33m█[39m[33m█[39m[33m█[39m[33m█[39m[33m█[39m[33m█[39m[33m█[39m[37m█[39m[37m█[39m sealing (89%)  
 [90mafter hashing[39m

[2K[1A[2K[1A[2K[1A[2K[1A[2K[1A[2K[1A[2K[1A[2K[G
[32m●[39m [32mClient[39m [32m█[39m[32m█[39m[32m█[39m[32m█[39m[32m█[39m[32m█[39m[32m█[39m[32m█[39m[32m█[39m[32m█[39m[32m█[39m[32m█[39m[32m█[39m[32m█[39m[37m█[39m[37m█[39m[37m█[39m[37m█[39m[37m█[39m[37m█[39m[37m█[39m[37m█[39m[37m█[39m[37m█[39m[37m█[39m building (55%) [90m0/1 entries 1743/1749 dependencies 500/572 modules 0 active[39m 
 

[33m●[39m [33mServer[39m [33m█[39m[33m█[39m[33m█[39m[33m█[39m[33m█[39m[33m█[39m[33m█[39m[33m█[39m[33m█[39m[33m█[39m[33m█[39m[33m█[39m[33m█[39m[33m█[39m[33m█[39m[33m█[39m[33m█[39m[33m█[39m[33m█[39m[33m█[39m[33m█[39m[33m█[39m[33m█[39m[33m█[39m[37m█[39m emitting (95%)  
 [90memit[39m

[2K[1A[2K[1A[2K[1A[2K[1A[2K[1A[2K[1A[2K[1A[2K[G
[32m●[39m [32mClient[39m [32m█[39m[32m█[39m[32m█[39m[32m█[39m[32m█[39m[32m█[39m[32m█[39m[32m█[39m[32m█[39m[32m█[39m[32m█[39m[32m█[39m[32m█[39m[32m█[39m[37m█[39m[37m█[39m[37m█[39m[37m█[39m[37m█[39m[37m█[39m[37m█[39m[37m█[39m[37m█[39m[37m█[39m[37m█[39m building (55%) [90m0/1 entries 1743/1749 dependencies 500/572 modules 0 active[39m 
 

[33m✔ Server[39m
[90m  Compiled successfully in 4.21s[39m

[2K[1A[2K[1A[2K[1A[2K[1A[2K[1A[2K[1A[2K[1A[2K[G
[32m●[39m [32mClient[39m [32m█[39m[32m█[39m[32m█[39m[32m█[39m[32m█[39m[32m█[39m[32m█[39m[32m█[39m[32m█[39m[32m█[39m[32m█[39m[32m█[39m[32m█[39m[32m█[39m[32m█[39m[32m█[39m[32m█[39m[37m█[39m[37m█[39m[37m█[39m[37m█[39m[37m█[39m[37m█[39m[37m█[39m[37m█[39m building (65%) [90m1/1 entries 1848/1848 dependencies 605/605 modules 0 active[39m 
 

[33m✔ Server[39m
[90m  [39m

[2K[1A[2K[1A[2K[1A[2K[1A[2K[1A[2K[1A[2K[1A[2K[G
[32m●[39m [32mClient[39m [32m█[39m[32m█[39m[32m█[39m[32m█[39m[32m█[39m[32m█[39m[32m█[39m[32m█[39m[32m█[39m[32m█[39m[32m█[39m[32m█[39m[32m█[39m[32m█[39m[32m█[39m[32m█[39m[32m█[39m[32m█[39m[37m█[39m[37m█[39m[37m█[39m[37m█[39m[37m█[39m[37m█[39m[37m█[39m sealing (70%)  
 [90mplugins[39m

[33m✔ Server[39m
[90m  [39m

[2K[1A[2K[1A[2K[1A[2K[1A[2K[1A[2K[1A[2K[1A[2K[G
[32m●[39m [32mClient[39m [32m█[39m[32m█[39m[32m█[39m[32m█[39m[32m█[39m[32m█[39m[32m█[39m[32m█[39m[32m█[39m[32m█[39m[32m█[39m[32m█[39m[32m█[39m[32m█[39m[32m█[39m[32m█[39m[32m█[39m[32m█[39m[37m█[39m[37m█[39m[37m█[39m[37m█[39m[37m█[39m[37m█[39m[37m█[39m sealing (71%)  
 [90mdependencies optimization[39m

[33m✔ Server[39m
[90m  [39m

[2K[1A[2K[1A[2K[1A[2K[1A[2K[1A[2K[1A[2K[1A[2K[G
[32m●[39m [32mClient[39m [32m█[39m[32m█[39m[32m█[39m[32m█[39m[32m█[39m[32m█[39m[32m█[39m[32m█[39m[32m█[39m[32m█[39m[32m█[39m[32m█[39m[32m█[39m[32m█[39m[32m█[39m[32m█[39m[32m█[39m[32m█[39m[32m█[39m[37m█[39m[37m█[39m[37m█[39m[37m█[39m[37m█[39m[37m█[39m sealing (73%)  
 [90mafter chunk graph[39m

[33m✔ Server[39m
[90m  [39m

[2K[1A[2K[1A[2K[1A[2K[1A[2K[1A[2K[1A[2K[1A[2K[G
[32m●[39m [32mClient[39m [32m█[39m[32m█[39m[32m█[39m[32m█[39m[32m█[39m[32m█[39m[32m█[39m[32m█[39m[32m█[39m[32m█[39m[32m█[39m[32m█[39m[32m█[39m[32m█[39m[32m█[39m[32m█[39m[32m█[39m[32m█[39m[32m█[39m[32m█[39m[37m█[39m[37m█[39m[37m█[39m[37m█[39m[37m█[39m sealing (78%)  
 [90mchunk modules optimization[39m

[33m✔ Server[39m
[90m  [39m

[2K[1A[2K[1A[2K[1A[2K[1A[2K[1A[2K[1A[2K[1A[2K[G
[32m●[39m [32mClient[39m [32m█[39m[32m█[39m[32m█[39m[32m█[39m[32m█[39m[32m█[39m[32m█[39m[32m█[39m[32m█[39m[32m█[39m[32m█[39m[32m█[39m[32m█[39m[32m█[39m[32m█[39m[32m█[39m[32m█[39m[32m█[39m[32m█[39m[32m█[39m[32m█[39m[32m█[39m[37m█[39m[37m█[39m[37m█[39m sealing (87%)  
 [90mcode generation[39m

[33m✔ Server[39m
[90m  [39m

[2K[1A[2K[1A[2K[1A[2K[1A[2K[1A[2K[1A[2K[1A[2K[G
[32m●[39m [32mClient[39m [32m█[39m[32m█[39m[32m█[39m[32m█[39m[32m█[39m[32m█[39m[32m█[39m[32m█[39m[32m█[39m[32m█[39m[32m█[39m[32m█[39m[32m█[39m[32m█[39m[32m█[39m[32m█[39m[32m█[39m[32m█[39m[32m█[39m[32m█[39m[32m█[39m[32m█[39m[32m█[39m[37m█[39m[37m█[39m sealing (92%) [90masset processing[39m 
 [90mTerserPlugin[39m

[33m✔ Server[39m
[90m  [39m

[2K[1A[2K[1A[2K[1A[2K[1A[2K[1A[2K[1A[2K[1A[2K[G
[32m●[39m [32mClient[39m [32m█[39m[32m█[39m[32m█[39m[32m█[39m[32m█[39m[32m█[39m[32m█[39m[32m█[39m[32m█[39m[32m█[39m[32m█[39m[32m█[39m[32m█[39m[32m█[39m[32m█[39m[32m█[39m[32m█[39m[32m█[39m[32m█[39m[32m█[39m[32m█[39m[32m█[39m[32m█[39m[32m█[39m[37m█[39m emitting (95%)  
 [90memit[39m

[33m✔ Server[39m
[90m  [39m

[2K[1A[2K[1A[2K[1A[2K[1A[2K[1A[2K[1A[2K[1A[2K[G
[32m✔ Client[39m
[90m  Compiled successfully in 5.01s[39m

[33m✔ Server[39m
[90m  [39m

[33m[1m[WARNING][22m {"moduleIdentifier":"/home/ed/Documents/LSTS/human-0.com/node_modules/.pnpm/babel-loader@9.2.1_@babel+core@7.28.5_webpack@5.103.0/node_modules/babel-loader/lib/index.js??ruleSet[1].rules[5].use[0]!/home/ed/Documents/LSTS/human-0.com/apps/docs/src/components/Translate/index.tsx","moduleName":"./src/components/Translate/index.tsx","loc":"5:108-118","message":"Critical dependency: the request of a dependency is an expression","compilerPath":"server"}[39m

[32m●[39m [32mClient[39m [32m█[39m[32m█[39m[32m█[39m[32m█[39m[32m█[39m[32m█[39m[32m█[39m[32m█[39m[32m█[39m[32m█[39m[32m█[39m[32m█[39m[32m█[39m[32m█[39m[32m█[39m[32m█[39m[32m█[39m[32m█[39m[32m█[39m[32m█[39m[32m█[39m[32m█[39m[32m█[39m[32m█[39m[32m█[39m cache (99%) [90mshutdown[39m [90mIdleFileCachePlugin[39m
 [90mserialize pack[39m

[33m●[39m [33mServer[39m [33m█[39m[33m█[39m[33m█[39m[33m█[39m[33m█[39m[33m█[39m[33m█[39m[33m█[39m[33m█[39m[33m█[39m[33m█[39m[33m█[39m[33m█[39m[33m█[39m[33m█[39m[33m█[39m[33m█[39m[33m█[39m[33m█[39m[33m█[39m[33m█[39m[33m█[39m[33m█[39m[33m█[39m[33m█[39m cache (99%) [90mshutdown[39m [90mIdleFileCachePlugin[39m
 [90mstored[39m

[2K[1A[2K[1A[2K[1A[2K[1A[2K[1A[2K[1A[2K[1A[2K[G
[32m●[39m [32mClient[39m [32m█[39m[32m█[39m[32m█[39m[32m█[39m[32m█[39m[32m█[39m[32m█[39m[32m█[39m[32m█[39m[32m█[39m[32m█[39m[32m█[39m[32m█[39m[32m█[39m[32m█[39m[32m█[39m[32m█[39m[32m█[39m[32m█[39m[32m█[39m[32m█[39m[32m█[39m[32m█[39m[32m█[39m[32m█[39m cache (99%) [90mshutdown[39m [90mIdleFileCachePlugin[39m
 [90mstored[39m

[33m✔ Server[39m
[90m  [39m

[32m[1m[SUCCESS][22m[39m Generated static files in [36m[4m"build"[24m[39m.
[36m[1m[INFO][22m[39m [34m[1m[de][22m[39m Creating an optimized production build...
[2K[1A[2K[1A[2K[1A[2K[1A[2K[1A[2K[1A[2K[1A[2K[1A[2K[1A[2K[G
[32m●[39m [32mClient[39m [37m█[39m[37m█[39m[37m█[39m[37m█[39m[37m█[39m[37m█[39m[37m█[39m[37m█[39m[37m█[39m[37m█[39m[37m█[39m[37m█[39m[37m█[39m[37m█[39m[37m█[39m[37m█[39m[37m█[39m[37m█[39m[37m█[39m[37m█[39m[37m█[39m[37m█[39m[37m█[39m[37m█[39m[37m█[39m  (0%)  
 

[33m✔ Server[39m
[90m  [39m

[32m[1m[SUCCESS][22m[39m Generated static files in [36m[4m"build"[24m[39m.
[36m[1m[INFO][22m[39m [34m[1m[de][22m[39m Creating an optimized production build...
[2K[1A[2K[1A[2K[1A[2K[1A[2K[1A[2K[1A[2K[1A[2K[1A[2K[1A[2K[G
[32m●[39m [32mClient[39m [32m█[39m[32m█[39m[32m█[39m[37m█[39m[37m█[39m[37m█[39m[37m█[39m[37m█[39m[37m█[39m[37m█[39m[37m█[39m[37m█[39m[37m█[39m[37m█[39m[37m█[39m[37m█[39m[37m█[39m[37m█[39m[37m█[39m[37m█[39m[37m█[39m[37m█[39m[37m█[39m[37m█[39m[37m█[39m building (10%) [90m0/1 entries 0/0 dependencies 0/0 modules 0 active[39m 
 

[33m●[39m [33mServer[39m [33m█[39m[33m█[39m[33m█[39m[37m█[39m[37m█[39m[37m█[39m[37m█[39m[37m█[39m[37m█[39m[37m█[39m[37m█[39m[37m█[39m[37m█[39m[37m█[39m[37m█[39m[37m█[39m[37m█[39m[37m█[39m[37m█[39m[37m█[39m[37m█[39m[37m█[39m[37m█[39m[37m█[39m[37m█[39m building (10%) [90m0/1 entries 1/1 dependencies 0/0 modules 0 active[39m 
 

[32m[1m[SUCCESS][22m[39m Generated static files in [36m[4m"build"[24m[39m.
[36m[1m[INFO][22m[39m [34m[1m[de][22m[39m Creating an optimized production build...
[2K[1A[2K[1A[2K[1A[2K[1A[2K[1A[2K[1A[2K[1A[2K[1A[2K[1A[2K[G
[32m●[39m [32mClient[39m [32m█[39m[32m█[39m[32m█[39m[37m█[39m[37m█[39m[37m█[39m[37m█[39m[37m█[39m[37m█[39m[37m█[39m[37m█[39m[37m█[39m[37m█[39m[37m█[39m[37m█[39m[37m█[39m[37m█[39m[37m█[39m[37m█[39m[37m█[39m[37m█[39m[37m█[39m[37m█[39m[37m█[39m[37m█[39m building (10%) [90m0/1 entries 1/1 dependencies 0/0 modules 0 active[39m 
 

[33m●[39m [33mServer[39m [33m█[39m[33m█[39m[33m█[39m[37m█[39m[37m█[39m[37m█[39m[37m█[39m[37m█[39m[37m█[39m[37m█[39m[37m█[39m[37m█[39m[37m█[39m[37m█[39m[37m█[39m[37m█[39m[37m█[39m[37m█[39m[37m█[39m[37m█[39m[37m█[39m[37m█[39m[37m█[39m[37m█[39m[37m█[39m building (10%) [90m0/1 entries 1/1 dependencies 0/0 modules 0 active[39m 
 

[32m[1m[SUCCESS][22m[39m Generated static files in [36m[4m"build"[24m[39m.
[36m[1m[INFO][22m[39m [34m[1m[de][22m[39m Creating an optimized production build...
[2K[1A[2K[1A[2K[1A[2K[1A[2K[1A[2K[1A[2K[1A[2K[1A[2K[1A[2K[G
[32m●[39m [32mClient[39m [32m█[39m[32m█[39m[32m█[39m[37m█[39m[37m█[39m[37m█[39m[37m█[39m[37m█[39m[37m█[39m[37m█[39m[37m█[39m[37m█[39m[37m█[39m[37m█[39m[37m█[39m[37m█[39m[37m█[39m[37m█[39m[37m█[39m[37m█[39m[37m█[39m[37m█[39m[37m█[39m[37m█[39m[37m█[39m building (10%) [90m0/1 entries 1/1 dependencies 0/0 modules 0 active[39m 
 

[33m●[39m [33mServer[39m [33m█[39m[33m█[39m[33m█[39m[37m█[39m[37m█[39m[37m█[39m[37m█[39m[37m█[39m[37m█[39m[37m█[39m[37m█[39m[37m█[39m[37m█[39m[37m█[39m[37m█[39m[37m█[39m[37m█[39m[37m█[39m[37m█[39m[37m█[39m[37m█[39m[37m█[39m[37m█[39m[37m█[39m[37m█[39m building (10%) [90m0/1 entries 23/53 dependencies 3/16 modules 0 active[39m 
 

[32m[1m[SUCCESS][22m[39m Generated static files in [36m[4m"build"[24m[39m.
[36m[1m[INFO][22m[39m [34m[1m[de][22m[39m Creating an optimized production build...
[2K[1A[2K[1A[2K[1A[2K[1A[2K[1A[2K[1A[2K[1A[2K[1A[2K[1A[2K[G
[32m●[39m [32mClient[39m [32m█[39m[32m█[39m[32m█[39m[37m█[39m[37m█[39m[37m█[39m[37m█[39m[37m█[39m[37m█[39m[37m█[39m[37m█[39m[37m█[39m[37m█[39m[37m█[39m[37m█[39m[37m█[39m[37m█[39m[37m█[39m[37m█[39m[37m█[39m[37m█[39m[37m█[39m[37m█[39m[37m█[39m[37m█[39m building (12%) [90m0/1 entries 157/238 dependencies 31/72 modules 0 active[39m 
 

[33m●[39m [33mServer[39m [33m█[39m[33m█[39m[33m█[39m[37m█[39m[37m█[39m[37m█[39m[37m█[39m[37m█[39m[37m█[39m[37m█[39m[37m█[39m[37m█[39m[37m█[39m[37m█[39m[37m█[39m[37m█[39m[37m█[39m[37m█[39m[37m█[39m[37m█[39m[37m█[39m[37m█[39m[37m█[39m[37m█[39m[37m█[39m building (10%) [90m0/1 entries 23/53 dependencies 3/16 modules 0 active[39m 
 

[32m[1m[SUCCESS][22m[39m Generated static files in [36m[4m"build"[24m[39m.
[36m[1m[INFO][22m[39m [34m[1m[de][22m[39m Creating an optimized production build...
[2K[1A[2K[1A[2K[1A[2K[1A[2K[1A[2K[1A[2K[1A[2K[1A[2K[1A[2K[G
[32m●[39m [32mClient[39m [32m█[39m[32m█[39m[32m█[39m[37m█[39m[37m█[39m[37m█[39m[37m█[39m[37m█[39m[37m█[39m[37m█[39m[37m█[39m[37m█[39m[37m█[39m[37m█[39m[37m█[39m[37m█[39m[37m█[39m[37m█[39m[37m█[39m[37m█[39m[37m█[39m[37m█[39m[37m█[39m[37m█[39m[37m█[39m building (12%) [90m0/1 entries 157/238 dependencies 31/72 modules 0 active[39m 
 

[33m●[39m [33mServer[39m [33m█[39m[33m█[39m[33m█[39m[33m█[39m[33m█[39m[33m█[39m[37m█[39m[37m█[39m[37m█[39m[37m█[39m[37m█[39m[37m█[39m[37m█[39m[37m█[39m[37m█[39m[37m█[39m[37m█[39m[37m█[39m[37m█[39m[37m█[39m[37m█[39m[37m█[39m[37m█[39m[37m█[39m[37m█[39m building (22%) [90m0/1 entries 450/600 dependencies 121/186 modules 0 active[39m 
 

[32m[1m[SUCCESS][22m[39m Generated static files in [36m[4m"build"[24m[39m.
[36m[1m[INFO][22m[39m [34m[1m[de][22m[39m Creating an optimized production build...
[2K[1A[2K[1A[2K[1A[2K[1A[2K[1A[2K[1A[2K[1A[2K[1A[2K[1A[2K[G
[32m●[39m [32mClient[39m [32m█[39m[32m█[39m[32m█[39m[32m█[39m[32m█[39m[32m█[39m[32m█[39m[37m█[39m[37m█[39m[37m█[39m[37m█[39m[37m█[39m[37m█[39m[37m█[39m[37m█[39m[37m█[39m[37m█[39m[37m█[39m[37m█[39m[37m█[39m[37m█[39m[37m█[39m[37m█[39m[37m█[39m[37m█[39m building (26%) [90m0/1 entries 800/930 dependencies 183/273 modules 0 active[39m 
 

[33m●[39m [33mServer[39m [33m█[39m[33m█[39m[33m█[39m[33m█[39m[33m█[39m[33m█[39m[37m█[39m[37m█[39m[37m█[39m[37m█[39m[37m█[39m[37m█[39m[37m█[39m[37m█[39m[37m█[39m[37m█[39m[37m█[39m[37m█[39m[37m█[39m[37m█[39m[37m█[39m[37m█[39m[37m█[39m[37m█[39m[37m█[39m building (22%) [90m0/1 entries 450/600 dependencies 121/186 modules 0 active[39m 
 

[32m[1m[SUCCESS][22m[39m Generated static files in [36m[4m"build"[24m[39m.
[36m[1m[INFO][22m[39m [34m[1m[de][22m[39m Creating an optimized production build...
[2K[1A[2K[1A[2K[1A[2K[1A[2K[1A[2K[1A[2K[1A[2K[1A[2K[1A[2K[G
[32m●[39m [32mClient[39m [32m█[39m[32m█[39m[32m█[39m[32m█[39m[32m█[39m[32m█[39m[32m█[39m[37m█[39m[37m█[39m[37m█[39m[37m█[39m[37m█[39m[37m█[39m[37m█[39m[37m█[39m[37m█[39m[37m█[39m[37m█[39m[37m█[39m[37m█[39m[37m█[39m[37m█[39m[37m█[39m[37m█[39m[37m█[39m building (28%) [90m0/1 entries 983/1107 dependencies 206/325 modules 1 active[39m 
 [90mlocales|lazy|/^\.\/.*\.json$/|referencedExports: [["default"],[],["default"],[]]|groupOptions: {}|namespace object[39m

[33m●[39m [33mServer[39m [33m█[39m[33m█[39m[33m█[39m[33m█[39m[33m█[39m[33m█[39m[37m█[39m[37m█[39m[37m█[39m[37m█[39m[37m█[39m[37m█[39m[37m█[39m[37m█[39m[37m█[39m[37m█[39m[37m█[39m[37m█[39m[37m█[39m[37m█[39m[37m█[39m[37m█[39m[37m█[39m[37m█[39m[37m█[39m building (22%) [90m0/1 entries 450/600 dependencies 121/186 modules 0 active[39m 
 

[32m[1m[SUCCESS][22m[39m Generated static files in [36m[4m"build"[24m[39m.
[36m[1m[INFO][22m[39m [34m[1m[de][22m[39m Creating an optimized production build...
[2K[1A[2K[1A[2K[1A[2K[1A[2K[1A[2K[1A[2K[1A[2K[1A[2K[1A[2K[G
[32m●[39m [32mClient[39m [32m█[39m[32m█[39m[32m█[39m[32m█[39m[32m█[39m[32m█[39m[32m█[39m[37m█[39m[37m█[39m[37m█[39m[37m█[39m[37m█[39m[37m█[39m[37m█[39m[37m█[39m[37m█[39m[37m█[39m[37m█[39m[37m█[39m[37m█[39m[37m█[39m[37m█[39m[37m█[39m[37m█[39m[37m█[39m building (28%) [90m0/1 entries 983/1107 dependencies 206/325 modules 1 active[39m 
 [90mlocales|lazy|/^\.\/.*\.json$/|referencedExports: [["default"],[],["default"],[]]|groupOptions: {}|namespace object[39m

[33m●[39m [33mServer[39m [33m█[39m[33m█[39m[33m█[39m[33m█[39m[33m█[39m[33m█[39m[33m█[39m[33m█[39m[33m█[39m[33m█[39m[33m█[39m[37m█[39m[37m█[39m[37m█[39m[37m█[39m[37m█[39m[37m█[39m[37m█[39m[37m█[39m[37m█[39m[37m█[39m[37m█[39m[37m█[39m[37m█[39m[37m█[39m building (41%) [90m0/1 entries 1200/1297 dependencies 306/389 modules 0 active[39m 
 

[32m[1m[SUCCESS][22m[39m Generated static files in [36m[4m"build"[24m[39m.
[36m[1m[INFO][22m[39m [34m[1m[de][22m[39m Creating an optimized production build...
[2K[1A[2K[1A[2K[1A[2K[1A[2K[1A[2K[1A[2K[1A[2K[1A[2K[1A[2K[G
[32m●[39m [32mClient[39m [32m█[39m[32m█[39m[32m█[39m[32m█[39m[32m█[39m[32m█[39m[32m█[39m[32m█[39m[32m█[39m[32m█[39m[37m█[39m[37m█[39m[37m█[39m[37m█[39m[37m█[39m[37m█[39m[37m█[39m[37m█[39m[37m█[39m[37m█[39m[37m█[39m[37m█[39m[37m█[39m[37m█[39m[37m█[39m building (40%) [90m0/1 entries 1276/1373 dependencies 332/424 modules 0 active[39m 
 

[33m●[39m [33mServer[39m [33m█[39m[33m█[39m[33m█[39m[33m█[39m[33m█[39m[33m█[39m[33m█[39m[33m█[39m[33m█[39m[33m█[39m[33m█[39m[37m█[39m[37m█[39m[37m█[39m[37m█[39m[37m█[39m[37m█[39m[37m█[39m[37m█[39m[37m█[39m[37m█[39m[37m█[39m[37m█[39m[37m█[39m[37m█[39m building (41%) [90m0/1 entries 1200/1297 dependencies 306/389 modules 0 active[39m 
 

[32m[1m[SUCCESS][22m[39m Generated static files in [36m[4m"build"[24m[39m.
[36m[1m[INFO][22m[39m [34m[1m[de][22m[39m Creating an optimized production build...
[2K[1A[2K[1A[2K[1A[2K[1A[2K[1A[2K[1A[2K[1A[2K[1A[2K[1A[2K[G
[32m●[39m [32mClient[39m [32m█[39m[32m█[39m[32m█[39m[32m█[39m[32m█[39m[32m█[39m[32m█[39m[32m█[39m[32m█[39m[32m█[39m[37m█[39m[37m█[39m[37m█[39m[37m█[39m[37m█[39m[37m█[39m[37m█[39m[37m█[39m[37m█[39m[37m█[39m[37m█[39m[37m█[39m[37m█[39m[37m█[39m[37m█[39m building (40%) [90m0/1 entries 1276/1373 dependencies 332/424 modules 0 active[39m 
 

[33m●[39m [33mServer[39m [33m█[39m[33m█[39m[33m█[39m[33m█[39m[33m█[39m[33m█[39m[33m█[39m[33m█[39m[33m█[39m[33m█[39m[33m█[39m[33m█[39m[33m█[39m[33m█[39m[33m█[39m[33m█[39m[33m█[39m[37m█[39m[37m█[39m[37m█[39m[37m█[39m[37m█[39m[37m█[39m[37m█[39m[37m█[39m building (65%) [90m1/1 entries 1779/1779 dependencies 528/528 modules 0 active[39m 
 

[32m[1m[SUCCESS][22m[39m Generated static files in [36m[4m"build"[24m[39m.
[36m[1m[INFO][22m[39m [34m[1m[de][22m[39m Creating an optimized production build...
[2K[1A[2K[1A[2K[1A[2K[1A[2K[1A[2K[1A[2K[1A[2K[1A[2K[1A[2K[G
[32m●[39m [32mClient[39m [32m█[39m[32m█[39m[32m█[39m[32m█[39m[32m█[39m[32m█[39m[32m█[39m[32m█[39m[32m█[39m[32m█[39m[37m█[39m[37m█[39m[37m█[39m[37m█[39m[37m█[39m[37m█[39m[37m█[39m[37m█[39m[37m█[39m[37m█[39m[37m█[39m[37m█[39m[37m█[39m[37m█[39m[37m█[39m building (40%) [90m0/1 entries 1276/1373 dependencies 332/424 modules 0 active[39m 
 

[33m●[39m [33mServer[39m [33m█[39m[33m█[39m[33m█[39m[33m█[39m[33m█[39m[33m█[39m[33m█[39m[33m█[39m[33m█[39m[33m█[39m[33m█[39m[33m█[39m[33m█[39m[33m█[39m[33m█[39m[33m█[39m[33m█[39m[33m█[39m[37m█[39m[37m█[39m[37m█[39m[37m█[39m[37m█[39m[37m█[39m[37m█[39m sealing (70%)  
 [90mplugins[39m

[32m[1m[SUCCESS][22m[39m Generated static files in [36m[4m"build"[24m[39m.
[36m[1m[INFO][22m[39m [34m[1m[de][22m[39m Creating an optimized production build...
[2K[1A[2K[1A[2K[1A[2K[1A[2K[1A[2K[1A[2K[1A[2K[1A[2K[1A[2K[G
[32m●[39m [32mClient[39m [32m█[39m[32m█[39m[32m█[39m[32m█[39m[32m█[39m[32m█[39m[32m█[39m[32m█[39m[32m█[39m[32m█[39m[37m█[39m[37m█[39m[37m█[39m[37m█[39m[37m█[39m[37m█[39m[37m█[39m[37m█[39m[37m█[39m[37m█[39m[37m█[39m[37m█[39m[37m█[39m[37m█[39m[37m█[39m building (40%) [90m0/1 entries 1276/1373 dependencies 332/424 modules 0 active[39m 
 

[33m●[39m [33mServer[39m [33m█[39m[33m█[39m[33m█[39m[33m█[39m[33m█[39m[33m█[39m[33m█[39m[33m█[39m[33m█[39m[33m█[39m[33m█[39m[33m█[39m[33m█[39m[33m█[39m[33m█[39m[33m█[39m[33m█[39m[33m█[39m[37m█[39m[37m█[39m[37m█[39m[37m█[39m[37m█[39m[37m█[39m[37m█[39m sealing (71%)  
 [90mdependencies optimization[39m

[32m[1m[SUCCESS][22m[39m Generated static files in [36m[4m"build"[24m[39m.
[36m[1m[INFO][22m[39m [34m[1m[de][22m[39m Creating an optimized production build...
[2K[1A[2K[1A[2K[1A[2K[1A[2K[1A[2K[1A[2K[1A[2K[1A[2K[1A[2K[G
[32m●[39m [32mClient[39m [32m█[39m[32m█[39m[32m█[39m[32m█[39m[32m█[39m[32m█[39m[32m█[39m[32m█[39m[32m█[39m[32m█[39m[37m█[39m[37m█[39m[37m█[39m[37m█[39m[37m█[39m[37m█[39m[37m█[39m[37m█[39m[37m█[39m[37m█[39m[37m█[39m[37m█[39m[37m█[39m[37m█[39m[37m█[39m building (40%) [90m0/1 entries 1276/1373 dependencies 332/424 modules 0 active[39m 
 

[33m●[39m [33mServer[39m [33m█[39m[33m█[39m[33m█[39m[33m█[39m[33m█[39m[33m█[39m[33m█[39m[33m█[39m[33m█[39m[33m█[39m[33m█[39m[33m█[39m[33m█[39m[33m█[39m[33m█[39m[33m█[39m[33m█[39m[33m█[39m[33m█[39m[33m█[39m[33m█[39m[33m█[39m[37m█[39m[37m█[39m[37m█[39m sealing (87%)  
 [90mcode generation[39m

[32m[1m[SUCCESS][22m[39m Generated static files in [36m[4m"build"[24m[39m.
[36m[1m[INFO][22m[39m [34m[1m[de][22m[39m Creating an optimized production build...
[2K[1A[2K[1A[2K[1A[2K[1A[2K[1A[2K[1A[2K[1A[2K[1A[2K[1A[2K[G
[32m●[39m [32mClient[39m [32m█[39m[32m█[39m[32m█[39m[32m█[39m[32m█[39m[32m█[39m[32m█[39m[32m█[39m[32m█[39m[32m█[39m[32m█[39m[32m█[39m[32m█[39m[32m█[39m[32m█[39m[32m█[39m[32m█[39m[32m█[39m[37m█[39m[37m█[39m[37m█[39m[37m█[39m[37m█[39m[37m█[39m[37m█[39m sealing (70%) [90mfinish module graph[39m 
 [90mInnerGraphPlugin[39m

[33m●[39m [33mServer[39m [33m█[39m[33m█[39m[33m█[39m[33m█[39m[33m█[39m[33m█[39m[33m█[39m[33m█[39m[33m█[39m[33m█[39m[33m█[39m[33m█[39m[33m█[39m[33m█[39m[33m█[39m[33m█[39m[33m█[39m[33m█[39m[33m█[39m[33m█[39m[33m█[39m[33m█[39m[33m█[39m[33m█[39m[37m█[39m emitting (95%)  
 [90memit[39m

[32m[1m[SUCCESS][22m[39m Generated static files in [36m[4m"build"[24m[39m.
[36m[1m[INFO][22m[39m [34m[1m[de][22m[39m Creating an optimized production build...
[2K[1A[2K[1A[2K[1A[2K[1A[2K[1A[2K[1A[2K[1A[2K[1A[2K[1A[2K[G
[32m●[39m [32mClient[39m [32m█[39m[32m█[39m[32m█[39m[32m█[39m[32m█[39m[32m█[39m[32m█[39m[32m█[39m[32m█[39m[32m█[39m[32m█[39m[32m█[39m[32m█[39m[32m█[39m[32m█[39m[32m█[39m[32m█[39m[32m█[39m[37m█[39m[37m█[39m[37m█[39m[37m█[39m[37m█[39m[37m█[39m[37m█[39m sealing (71%)  
 [90mdependencies optimization[39m

[33m●[39m [33mServer[39m [33m█[39m[33m█[39m[33m█[39m[33m█[39m[33m█[39m[33m█[39m[33m█[39m[33m█[39m[33m█[39m[33m█[39m[33m█[39m[33m█[39m[33m█[39m[33m█[39m[33m█[39m[33m█[39m[33m█[39m[33m█[39m[33m█[39m[33m█[39m[33m█[39m[33m█[39m[33m█[39m[33m█[39m[37m█[39m emitting (95%)  
 [90memit[39m

[32m[1m[SUCCESS][22m[39m Generated static files in [36m[4m"build"[24m[39m.
[36m[1m[INFO][22m[39m [34m[1m[de][22m[39m Creating an optimized production build...
[2K[1A[2K[1A[2K[1A[2K[1A[2K[1A[2K[1A[2K[1A[2K[1A[2K[1A[2K[G
[32m●[39m [32mClient[39m [32m█[39m[32m█[39m[32m█[39m[32m█[39m[32m█[39m[32m█[39m[32m█[39m[32m█[39m[32m█[39m[32m█[39m[32m█[39m[32m█[39m[32m█[39m[32m█[39m[32m█[39m[32m█[39m[32m█[39m[32m█[39m[32m█[39m[37m█[39m[37m█[39m[37m█[39m[37m█[39m[37m█[39m[37m█[39m sealing (75%) [90mchunk optimization[39m 
 [90mRemoveEmptyChunksPlugin[39m

[33m●[39m [33mServer[39m [33m█[39m[33m█[39m[33m█[39m[33m█[39m[33m█[39m[33m█[39m[33m█[39m[33m█[39m[33m█[39m[33m█[39m[33m█[39m[33m█[39m[33m█[39m[33m█[39m[33m█[39m[33m█[39m[33m█[39m[33m█[39m[33m█[39m[33m█[39m[33m█[39m[33m█[39m[33m█[39m[33m█[39m[37m█[39m emitting (95%)  
 [90memit[39m

[32m[1m[SUCCESS][22m[39m Generated static files in [36m[4m"build"[24m[39m.
[36m[1m[INFO][22m[39m [34m[1m[de][22m[39m Creating an optimized production build...
[2K[1A[2K[1A[2K[1A[2K[1A[2K[1A[2K[1A[2K[1A[2K[1A[2K[1A[2K[G
[32m●[39m [32mClient[39m [32m█[39m[32m█[39m[32m█[39m[32m█[39m[32m█[39m[32m█[39m[32m█[39m[32m█[39m[32m█[39m[32m█[39m[32m█[39m[32m█[39m[32m█[39m[32m█[39m[32m█[39m[32m█[39m[32m█[39m[32m█[39m[32m█[39m[32m█[39m[37m█[39m[37m█[39m[37m█[39m[37m█[39m[37m█[39m sealing (78%)  
 [90mchunk modules optimization[39m

[33m●[39m [33mServer[39m [33m█[39m[33m█[39m[33m█[39m[33m█[39m[33m█[39m[33m█[39m[33m█[39m[33m█[39m[33m█[39m[33m█[39m[33m█[39m[33m█[39m[33m█[39m[33m█[39m[33m█[39m[33m█[39m[33m█[39m[33m█[39m[33m█[39m[33m█[39m[33m█[39m[33m█[39m[33m█[39m[33m█[39m[37m█[39m emitting (95%)  
 [90memit[39m

[32m[1m[SUCCESS][22m[39m Generated static files in [36m[4m"build"[24m[39m.
[36m[1m[INFO][22m[39m [34m[1m[de][22m[39m Creating an optimized production build...
[2K[1A[2K[1A[2K[1A[2K[1A[2K[1A[2K[1A[2K[1A[2K[1A[2K[1A[2K[G
[32m●[39m [32mClient[39m [32m█[39m[32m█[39m[32m█[39m[32m█[39m[32m█[39m[32m█[39m[32m█[39m[32m█[39m[32m█[39m[32m█[39m[32m█[39m[32m█[39m[32m█[39m[32m█[39m[32m█[39m[32m█[39m[32m█[39m[32m█[39m[32m█[39m[32m█[39m[32m█[39m[32m█[39m[37m█[39m[37m█[39m[37m█[39m sealing (87%)  
 [90mcode generation[39m

[33m●[39m [33mServer[39m [33m█[39m[33m█[39m[33m█[39m[33m█[39m[33m█[39m[33m█[39m[33m█[39m[33m█[39m[33m█[39m[33m█[39m[33m█[39m[33m█[39m[33m█[39m[33m█[39m[33m█[39m[33m█[39m[33m█[39m[33m█[39m[33m█[39m[33m█[39m[33m█[39m[33m█[39m[33m█[39m[33m█[39m[37m█[39m emitting (95%)  
 [90memit[39m

[32m[1m[SUCCESS][22m[39m Generated static files in [36m[4m"build"[24m[39m.
[36m[1m[INFO][22m[39m [34m[1m[de][22m[39m Creating an optimized production build...
[2K[1A[2K[1A[2K[1A[2K[1A[2K[1A[2K[1A[2K[1A[2K[1A[2K[1A[2K[G
[32m●[39m [32mClient[39m [32m█[39m[32m█[39m[32m█[39m[32m█[39m[32m█[39m[32m█[39m[32m█[39m[32m█[39m[32m█[39m[32m█[39m[32m█[39m[32m█[39m[32m█[39m[32m█[39m[32m█[39m[32m█[39m[32m█[39m[32m█[39m[32m█[39m[32m█[39m[32m█[39m[32m█[39m[32m█[39m[37m█[39m[37m█[39m sealing (92%) [90masset processing[39m 
 [90mcopy-webpack-plugin[39m

[33m✔ Server[39m
[90m  Compiled successfully in 3.19s[39m

[32m[1m[SUCCESS][22m[39m Generated static files in [36m[4m"build"[24m[39m.
[36m[1m[INFO][22m[39m [34m[1m[de][22m[39m Creating an optimized production build...
[2K[1A[2K[1A[2K[1A[2K[1A[2K[1A[2K[1A[2K[1A[2K[1A[2K[1A[2K[G
[32m●[39m [32mClient[39m [32m█[39m[32m█[39m[32m█[39m[32m█[39m[32m█[39m[32m█[39m[32m█[39m[32m█[39m[32m█[39m[32m█[39m[32m█[39m[32m█[39m[32m█[39m[32m█[39m[32m█[39m[32m█[39m[32m█[39m[32m█[39m[32m█[39m[32m█[39m[32m█[39m[32m█[39m[32m█[39m[32m█[39m[32m█[39m emitting (98%)  
 [90mafter emit[39m

[33m✔ Server[39m
[90m  [39m

[32m[1m[SUCCESS][22m[39m Generated static files in [36m[4m"build"[24m[39m.
[36m[1m[INFO][22m[39m [34m[1m[de][22m[39m Creating an optimized production build...
[2K[1A[2K[1A[2K[1A[2K[1A[2K[1A[2K[1A[2K[1A[2K[1A[2K[1A[2K[G
[32m✔ Client[39m
[90m  Compiled successfully in 3.26s[39m

[33m✔ Server[39m
[90m  [39m

[32m[1m[SUCCESS][22m[39m Generated static files in [36m[4m"build"[24m[39m.
[36m[1m[INFO][22m[39m [34m[1m[de][22m[39m Creating an optimized production build...
[33m[1m[WARNING][22m {"moduleIdentifier":"/home/ed/Documents/LSTS/human-0.com/node_modules/.pnpm/babel-loader@9.2.1_@babel+core@7.28.5_webpack@5.103.0/node_modules/babel-loader/lib/index.js??ruleSet[1].rules[5].use[0]!/home/ed/Documents/LSTS/human-0.com/apps/docs/src/components/Translate/index.tsx","moduleName":"./src/components/Translate/index.tsx","loc":"5:108-118","message":"Critical dependency: the request of a dependency is an expression","compilerPath":"server"}[39m

[32m●[39m [32mClient[39m [32m█[39m[32m█[39m[32m█[39m[32m█[39m[32m█[39m[32m█[39m[32m█[39m[32m█[39m[32m█[39m[32m█[39m[32m█[39m[32m█[39m[32m█[39m[32m█[39m[32m█[39m[32m█[39m[32m█[39m[32m█[39m[32m█[39m[32m█[39m[32m█[39m[32m█[39m[32m█[39m[32m█[39m[32m█[39m cache (99%) [90mshutdown[39m [90mIdleFileCachePlugin[39m
 [90mserialize pack[39m

[33m●[39m [33mServer[39m [33m█[39m[33m█[39m[33m█[39m[33m█[39m[33m█[39m[33m█[39m[33m█[39m[33m█[39m[33m█[39m[33m█[39m[33m█[39m[33m█[39m[33m█[39m[33m█[39m[33m█[39m[33m█[39m[33m█[39m[33m█[39m[33m█[39m[33m█[39m[33m█[39m[33m█[39m[33m█[39m[33m█[39m[33m█[39m cache (99%) [90mshutdown[39m [90mIdleFileCachePlugin[39m
 [90mstored[39m

[2K[1A[2K[1A[2K[1A[2K[1A[2K[1A[2K[1A[2K[1A[2K[G
[32m●[39m [32mClient[39m [32m█[39m[32m█[39m[32m█[39m[32m█[39m[32m█[39m[32m█[39m[32m█[39m[32m█[39m[32m█[39m[32m█[39m[32m█[39m[32m█[39m[32m█[39m[32m█[39m[32m█[39m[32m█[39m[32m█[39m[32m█[39m[32m█[39m[32m█[39m[32m█[39m[32m█[39m[32m█[39m[32m█[39m[32m█[39m cache (99%) [90mshutdown[39m [90mIdleFileCachePlugin[39m
 [90mstored[39m

[33m✔ Server[39m
[90m  [39m

[32m[1m[SUCCESS][22m[39m Generated static files in [36m[4m"build/de"[24m[39m.
[36m[1m[INFO][22m[39m [34m[1m[es][22m[39m Creating an optimized production build...
[2K[1A[2K[1A[2K[1A[2K[1A[2K[1A[2K[1A[2K[1A[2K[1A[2K[1A[2K[G
[32m●[39m [32mClient[39m [37m█[39m[37m█[39m[37m█[39m[37m█[39m[37m█[39m[37m█[39m[37m█[39m[37m█[39m[37m█[39m[37m█[39m[37m█[39m[37m█[39m[37m█[39m[37m█[39m[37m█[39m[37m█[39m[37m█[39m[37m█[39m[37m█[39m[37m█[39m[37m█[39m[37m█[39m[37m█[39m[37m█[39m[37m█[39m  (0%)  
 

[33m✔ Server[39m
[90m  [39m

[32m[1m[SUCCESS][22m[39m Generated static files in [36m[4m"build/de"[24m[39m.
[36m[1m[INFO][22m[39m [34m[1m[es][22m[39m Creating an optimized production build...
[2K[1A[2K[1A[2K[1A[2K[1A[2K[1A[2K[1A[2K[1A[2K[1A[2K[1A[2K[G
[32m●[39m [32mClient[39m [32m█[39m[32m█[39m[32m█[39m[37m█[39m[37m█[39m[37m█[39m[37m█[39m[37m█[39m[37m█[39m[37m█[39m[37m█[39m[37m█[39m[37m█[39m[37m█[39m[37m█[39m[37m█[39m[37m█[39m[37m█[39m[37m█[39m[37m█[39m[37m█[39m[37m█[39m[37m█[39m[37m█[39m[37m█[39m building (10%) [90m0/1 entries 0/0 dependencies 0/0 modules 0 active[39m 
 

[33m●[39m [33mServer[39m [33m█[39m[33m█[39m[33m█[39m[37m█[39m[37m█[39m[37m█[39m[37m█[39m[37m█[39m[37m█[39m[37m█[39m[37m█[39m[37m█[39m[37m█[39m[37m█[39m[37m█[39m[37m█[39m[37m█[39m[37m█[39m[37m█[39m[37m█[39m[37m█[39m[37m█[39m[37m█[39m[37m█[39m[37m█[39m building (10%) [90m0/1 entries 1/1 dependencies 0/0 modules 0 active[39m 
 

[32m[1m[SUCCESS][22m[39m Generated static files in [36m[4m"build/de"[24m[39m.
[36m[1m[INFO][22m[39m [34m[1m[es][22m[39m Creating an optimized production build...
[2K[1A[2K[1A[2K[1A[2K[1A[2K[1A[2K[1A[2K[1A[2K[1A[2K[1A[2K[G
[32m●[39m [32mClient[39m [32m█[39m[32m█[39m[32m█[39m[37m█[39m[37m█[39m[37m█[39m[37m█[39m[37m█[39m[37m█[39m[37m█[39m[37m█[39m[37m█[39m[37m█[39m[37m█[39m[37m█[39m[37m█[39m[37m█[39m[37m█[39m[37m█[39m[37m█[39m[37m█[39m[37m█[39m[37m█[39m[37m█[39m[37m█[39m building (10%) [90m0/1 entries 1/1 dependencies 0/0 modules 0 active[39m 
 

[33m●[39m [33mServer[39m [33m█[39m[33m█[39m[33m█[39m[37m█[39m[37m█[39m[37m█[39m[37m█[39m[37m█[39m[37m█[39m[37m█[39m[37m█[39m[37m█[39m[37m█[39m[37m█[39m[37m█[39m[37m█[39m[37m█[39m[37m█[39m[37m█[39m[37m█[39m[37m█[39m[37m█[39m[37m█[39m[37m█[39m[37m█[39m building (10%) [90m0/1 entries 1/1 dependencies 0/0 modules 0 active[39m 
 

[32m[1m[SUCCESS][22m[39m Generated static files in [36m[4m"build/de"[24m[39m.
[36m[1m[INFO][22m[39m [34m[1m[es][22m[39m Creating an optimized production build...
[2K[1A[2K[1A[2K[1A[2K[1A[2K[1A[2K[1A[2K[1A[2K[1A[2K[1A[2K[G
[32m●[39m [32mClient[39m [32m█[39m[32m█[39m[32m█[39m[37m█[39m[37m█[39m[37m█[39m[37m█[39m[37m█[39m[37m█[39m[37m█[39m[37m█[39m[37m█[39m[37m█[39m[37m█[39m[37m█[39m[37m█[39m[37m█[39m[37m█[39m[37m█[39m[37m█[39m[37m█[39m[37m█[39m[37m█[39m[37m█[39m[37m█[39m building (10%) [90m0/1 entries 1/1 dependencies 0/0 modules 0 active[39m 
 

[33m●[39m [33mServer[39m [33m█[39m[33m█[39m[33m█[39m[37m█[39m[37m█[39m[37m█[39m[37m█[39m[37m█[39m[37m█[39m[37m█[39m[37m█[39m[37m█[39m[37m█[39m[37m█[39m[37m█[39m[37m█[39m[37m█[39m[37m█[39m[37m█[39m[37m█[39m[37m█[39m[37m█[39m[37m█[39m[37m█[39m[37m█[39m building (11%) [90m0/1 entries 41/76 dependencies 14/27 modules 0 active[39m 
 

[32m[1m[SUCCESS][22m[39m Generated static files in [36m[4m"build/de"[24m[39m.
[36m[1m[INFO][22m[39m [34m[1m[es][22m[39m Creating an optimized production build...
[2K[1A[2K[1A[2K[1A[2K[1A[2K[1A[2K[1A[2K[1A[2K[1A[2K[1A[2K[G
[32m●[39m [32mClient[39m [32m█[39m[32m█[39m[32m█[39m[32m█[39m[37m█[39m[37m█[39m[37m█[39m[37m█[39m[37m█[39m[37m█[39m[37m█[39m[37m█[39m[37m█[39m[37m█[39m[37m█[39m[37m█[39m[37m█[39m[37m█[39m[37m█[39m[37m█[39m[37m█[39m[37m█[39m[37m█[39m[37m█[39m[37m█[39m building (15%) [90m0/1 entries 200/263 dependencies 57/93 modules 0 active[39m 
 

[33m●[39m [33mServer[39m [33m█[39m[33m█[39m[33m█[39m[37m█[39m[37m█[39m[37m█[39m[37m█[39m[37m█[39m[37m█[39m[37m█[39m[37m█[39m[37m█[39m[37m█[39m[37m█[39m[37m█[39m[37m█[39m[37m█[39m[37m█[39m[37m█[39m[37m█[39m[37m█[39m[37m█[39m[37m█[39m[37m█[39m[37m█[39m building (11%) [90m0/1 entries 41/76 dependencies 14/27 modules 0 active[39m 
 

[32m[1m[SUCCESS][22m[39m Generated static files in [36m[4m"build/de"[24m[39m.
[36m[1m[INFO][22m[39m [34m[1m[es][22m[39m Creating an optimized production build...
[2K[1A[2K[1A[2K[1A[2K[1A[2K[1A[2K[1A[2K[1A[2K[1A[2K[1A[2K[G
[32m●[39m [32mClient[39m [32m█[39m[32m█[39m[32m█[39m[32m█[39m[37m█[39m[37m█[39m[37m█[39m[37m█[39m[37m█[39m[37m█[39m[37m█[39m[37m█[39m[37m█[39m[37m█[39m[37m█[39m[37m█[39m[37m█[39m[37m█[39m[37m█[39m[37m█[39m[37m█[39m[37m█[39m[37m█[39m[37m█[39m[37m█[39m building (15%) [90m0/1 entries 200/263 dependencies 57/93 modules 0 active[39m 
 

[33m●[39m [33mServer[39m [33m█[39m[33m█[39m[33m█[39m[33m█[39m[33m█[39m[33m█[39m[33m█[39m[37m█[39m[37m█[39m[37m█[39m[37m█[39m[37m█[39m[37m█[39m[37m█[39m[37m█[39m[37m█[39m[37m█[39m[37m█[39m[37m█[39m[37m█[39m[37m█[39m[37m█[39m[37m█[39m[37m█[39m[37m█[39m building (25%) [90m0/1 entries 600/671 dependencies 152/247 modules 0 active[39m 
 

[32m[1m[SUCCESS][22m[39m Generated static files in [36m[4m"build/de"[24m[39m.
[36m[1m[INFO][22m[39m [34m[1m[es][22m[39m Creating an optimized production build...
[2K[1A[2K[1A[2K[1A[2K[1A[2K[1A[2K[1A[2K[1A[2K[1A[2K[1A[2K[G
[32m●[39m [32mClient[39m [32m█[39m[32m█[39m[32m█[39m[32m█[39m[32m█[39m[32m█[39m[32m█[39m[37m█[39m[37m█[39m[37m█[39m[37m█[39m[37m█[39m[37m█[39m[37m█[39m[37m█[39m[37m█[39m[37m█[39m[37m█[39m[37m█[39m[37m█[39m[37m█[39m[37m█[39m[37m█[39m[37m█[39m[37m█[39m building (26%) [90m0/1 entries 800/950 dependencies 185/273 modules 0 active[39m 
 

[33m●[39m [33mServer[39m [33m█[39m[33m█[39m[33m█[39m[33m█[39m[33m█[39m[33m█[39m[33m█[39m[37m█[39m[37m█[39m[37m█[39m[37m█[39m[37m█[39m[37m█[39m[37m█[39m[37m█[39m[37m█[39m[37m█[39m[37m█[39m[37m█[39m[37m█[39m[37m█[39m[37m█[39m[37m█[39m[37m█[39m[37m█[39m building (25%) [90m0/1 entries 600/671 dependencies 152/247 modules 0 active[39m 
 

[32m[1m[SUCCESS][22m[39m Generated static files in [36m[4m"build/de"[24m[39m.
[36m[1m[INFO][22m[39m [34m[1m[es][22m[39m Creating an optimized production build...
[2K[1A[2K[1A[2K[1A[2K[1A[2K[1A[2K[1A[2K[1A[2K[1A[2K[1A[2K[G
[32m●[39m [32mClient[39m [32m█[39m[32m█[39m[32m█[39m[32m█[39m[32m█[39m[32m█[39m[32m█[39m[32m█[39m[37m█[39m[37m█[39m[37m█[39m[37m█[39m[37m█[39m[37m█[39m[37m█[39m[37m█[39m[37m█[39m[37m█[39m[37m█[39m[37m█[39m[37m█[39m[37m█[39m[37m█[39m[37m█[39m[37m█[39m building (31%) [90m0/1 entries 1014/1120 dependencies 233/344 modules 1 active[39m 
 [90mlocales|lazy|/^\.\/.*\.json$/|referencedExports: [["default"],[],["default"],[]]|groupOptions: {}|namespace object[39m

[33m●[39m [33mServer[39m [33m█[39m[33m█[39m[33m█[39m[33m█[39m[33m█[39m[33m█[39m[33m█[39m[37m█[39m[37m█[39m[37m█[39m[37m█[39m[37m█[39m[37m█[39m[37m█[39m[37m█[39m[37m█[39m[37m█[39m[37m█[39m[37m█[39m[37m█[39m[37m█[39m[37m█[39m[37m█[39m[37m█[39m[37m█[39m building (25%) [90m0/1 entries 600/671 dependencies 152/247 modules 0 active[39m 
 

[32m[1m[SUCCESS][22m[39m Generated static files in [36m[4m"build/de"[24m[39m.
[36m[1m[INFO][22m[39m [34m[1m[es][22m[39m Creating an optimized production build...
[2K[1A[2K[1A[2K[1A[2K[1A[2K[1A[2K[1A[2K[1A[2K[1A[2K[1A[2K[G
[32m●[39m [32mClient[39m [32m█[39m[32m█[39m[32m█[39m[32m█[39m[32m█[39m[32m█[39m[32m█[39m[32m█[39m[37m█[39m[37m█[39m[37m█[39m[37m█[39m[37m█[39m[37m█[39m[37m█[39m[37m█[39m[37m█[39m[37m█[39m[37m█[39m[37m█[39m[37m█[39m[37m█[39m[37m█[39m[37m█[39m[37m█[39m building (31%) [90m0/1 entries 1014/1120 dependencies 233/344 modules 1 active[39m 
 [90mlocales|lazy|/^\.\/.*\.json$/|referencedExports: [["default"],[],["default"],[]]|groupOptions: {}|namespace object[39m

[33m●[39m [33mServer[39m [33m█[39m[33m█[39m[33m█[39m[33m█[39m[33m█[39m[33m█[39m[33m█[39m[33m█[39m[33m█[39m[33m█[39m[33m█[39m[33m█[39m[37m█[39m[37m█[39m[37m█[39m[37m█[39m[37m█[39m[37m█[39m[37m█[39m[37m█[39m[37m█[39m[37m█[39m[37m█[39m[37m█[39m[37m█[39m building (46%) [90m0/1 entries 1400/1456 dependencies 354/445 modules 0 active[39m 
 

[32m[1m[SUCCESS][22m[39m Generated static files in [36m[4m"build/de"[24m[39m.
[36m[1m[INFO][22m[39m [34m[1m[es][22m[39m Creating an optimized production build...
[2K[1A[2K[1A[2K[1A[2K[1A[2K[1A[2K[1A[2K[1A[2K[1A[2K[1A[2K[G
[32m●[39m [32mClient[39m [32m█[39m[32m█[39m[32m█[39m[32m█[39m[32m█[39m[32m█[39m[32m█[39m[32m█[39m[32m█[39m[32m█[39m[32m█[39m[37m█[39m[37m█[39m[37m█[39m[37m█[39m[37m█[39m[37m█[39m[37m█[39m[37m█[39m[37m█[39m[37m█[39m[37m█[39m[37m█[39m[37m█[39m[37m█[39m building (42%) [90m0/1 entries 1347/1435 dependencies 355/450 modules 0 active[39m 
 

[33m●[39m [33mServer[39m [33m█[39m[33m█[39m[33m█[39m[33m█[39m[33m█[39m[33m█[39m[33m█[39m[33m█[39m[33m█[39m[33m█[39m[33m█[39m[33m█[39m[33m█[39m[33m█[39m[33m█[39m[33m█[39m[33m█[39m[37m█[39m[37m█[39m[37m█[39m[37m█[39m[37m█[39m[37m█[39m[37m█[39m[37m█[39m building (65%) [90m1/1 entries 1779/1779 dependencies 528/528 modules 0 active[39m 
 

[32m[1m[SUCCESS][22m[39m Generated static files in [36m[4m"build/de"[24m[39m.
[36m[1m[INFO][22m[39m [34m[1m[es][22m[39m Creating an optimized production build...
[2K[1A[2K[1A[2K[1A[2K[1A[2K[1A[2K[1A[2K[1A[2K[1A[2K[1A[2K[G
[32m●[39m [32mClient[39m [32m█[39m[32m█[39m[32m█[39m[32m█[39m[32m█[39m[32m█[39m[32m█[39m[32m█[39m[32m█[39m[32m█[39m[32m█[39m[37m█[39m[37m█[39m[37m█[39m[37m█[39m[37m█[39m[37m█[39m[37m█[39m[37m█[39m[37m█[39m[37m█[39m[37m█[39m[37m█[39m[37m█[39m[37m█[39m building (42%) [90m0/1 entries 1347/1435 dependencies 355/450 modules 0 active[39m 
 

[33m●[39m [33mServer[39m [33m█[39m[33m█[39m[33m█[39m[33m█[39m[33m█[39m[33m█[39m[33m█[39m[33m█[39m[33m█[39m[33m█[39m[33m█[39m[33m█[39m[33m█[39m[33m█[39m[33m█[39m[33m█[39m[33m█[39m[33m█[39m[37m█[39m[37m█[39m[37m█[39m[37m█[39m[37m█[39m[37m█[39m[37m█[39m sealing (71%) [90mdependencies optimization[39m 
 [90mFlagDependencyUsagePlugin[39m

[32m[1m[SUCCESS][22m[39m Generated static files in [36m[4m"build/de"[24m[39m.
[36m[1m[INFO][22m[39m [34m[1m[es][22m[39m Creating an optimized production build...
[2K[1A[2K[1A[2K[1A[2K[1A[2K[1A[2K[1A[2K[1A[2K[1A[2K[1A[2K[G
[32m●[39m [32mClient[39m [32m█[39m[32m█[39m[32m█[39m[32m█[39m[32m█[39m[32m█[39m[32m█[39m[32m█[39m[32m█[39m[32m█[39m[32m█[39m[37m█[39m[37m█[39m[37m█[39m[37m█[39m[37m█[39m[37m█[39m[37m█[39m[37m█[39m[37m█[39m[37m█[39m[37m█[39m[37m█[39m[37m█[39m[37m█[39m building (42%) [90m0/1 entries 1347/1435 dependencies 355/450 modules 0 active[39m 
 

[33m●[39m [33mServer[39m [33m█[39m[33m█[39m[33m█[39m[33m█[39m[33m█[39m[33m█[39m[33m█[39m[33m█[39m[33m█[39m[33m█[39m[33m█[39m[33m█[39m[33m█[39m[33m█[39m[33m█[39m[33m█[39m[33m█[39m[33m█[39m[33m█[39m[37m█[39m[37m█[39m[37m█[39m[37m█[39m[37m█[39m[37m█[39m sealing (73%)  
 [90mafter chunk graph[39m

[32m[1m[SUCCESS][22m[39m Generated static files in [36m[4m"build/de"[24m[39m.
[36m[1m[INFO][22m[39m [34m[1m[es][22m[39m Creating an optimized production build...
[2K[1A[2K[1A[2K[1A[2K[1A[2K[1A[2K[1A[2K[1A[2K[1A[2K[1A[2K[G
[32m●[39m [32mClient[39m [32m█[39m[32m█[39m[32m█[39m[32m█[39m[32m█[39m[32m█[39m[32m█[39m[32m█[39m[32m█[39m[32m█[39m[32m█[39m[37m█[39m[37m█[39m[37m█[39m[37m█[39m[37m█[39m[37m█[39m[37m█[39m[37m█[39m[37m█[39m[37m█[39m[37m█[39m[37m█[39m[37m█[39m[37m█[39m building (42%) [90m0/1 entries 1347/1435 dependencies 355/450 modules 0 active[39m 
 

[33m●[39m [33mServer[39m [33m█[39m[33m█[39m[33m█[39m[33m█[39m[33m█[39m[33m█[39m[33m█[39m[33m█[39m[33m█[39m[33m█[39m[33m█[39m[33m█[39m[33m█[39m[33m█[39m[33m█[39m[33m█[39m[33m█[39m[33m█[39m[33m█[39m[33m█[39m[33m█[39m[33m█[39m[37m█[39m[37m█[39m[37m█[39m sealing (87%)  
 [90mcode generation[39m

[32m[1m[SUCCESS][22m[39m Generated static files in [36m[4m"build/de"[24m[39m.
[36m[1m[INFO][22m[39m [34m[1m[es][22m[39m Creating an optimized production build...
[2K[1A[2K[1A[2K[1A[2K[1A[2K[1A[2K[1A[2K[1A[2K[1A[2K[1A[2K[G
[32m●[39m [32mClient[39m [32m█[39m[32m█[39m[32m█[39m[32m█[39m[32m█[39m[32m█[39m[32m█[39m[32m█[39m[32m█[39m[32m█[39m[32m█[39m[37m█[39m[37m█[39m[37m█[39m[37m█[39m[37m█[39m[37m█[39m[37m█[39m[37m█[39m[37m█[39m[37m█[39m[37m█[39m[37m█[39m[37m█[39m[37m█[39m building (42%) [90m0/1 entries 1347/1435 dependencies 355/450 modules 0 active[39m 
 

[33m✔ Server[39m
[90m  Compiled successfully in 2.64s[39m

[32m[1m[SUCCESS][22m[39m Generated static files in [36m[4m"build/de"[24m[39m.
[36m[1m[INFO][22m[39m [34m[1m[es][22m[39m Creating an optimized production build...
[2K[1A[2K[1A[2K[1A[2K[1A[2K[1A[2K[1A[2K[1A[2K[1A[2K[1A[2K[G
[32m●[39m [32mClient[39m [32m█[39m[32m█[39m[32m█[39m[32m█[39m[32m█[39m[32m█[39m[32m█[39m[32m█[39m[32m█[39m[32m█[39m[32m█[39m[32m█[39m[32m█[39m[32m█[39m[32m█[39m[32m█[39m[32m█[39m[32m█[39m[37m█[39m[37m█[39m[37m█[39m[37m█[39m[37m█[39m[37m█[39m[37m█[39m sealing (71%)  
 [90mdependencies optimization[39m

[33m✔ Server[39m
[90m  [39m

[32m[1m[SUCCESS][22m[39m Generated static files in [36m[4m"build/de"[24m[39m.
[36m[1m[INFO][22m[39m [34m[1m[es][22m[39m Creating an optimized production build...
[2K[1A[2K[1A[2K[1A[2K[1A[2K[1A[2K[1A[2K[1A[2K[1A[2K[1A[2K[G
[32m●[39m [32mClient[39m [32m█[39m[32m█[39m[32m█[39m[32m█[39m[32m█[39m[32m█[39m[32m█[39m[32m█[39m[32m█[39m[32m█[39m[32m█[39m[32m█[39m[32m█[39m[32m█[39m[32m█[39m[32m█[39m[32m█[39m[32m█[39m[32m█[39m[37m█[39m[37m█[39m[37m█[39m[37m█[39m[37m█[39m[37m█[39m sealing (75%) [90mchunk optimization[39m 
 [90mRemoveEmptyChunksPlugin[39m

[33m✔ Server[39m
[90m  [39m

[32m[1m[SUCCESS][22m[39m Generated static files in [36m[4m"build/de"[24m[39m.
[36m[1m[INFO][22m[39m [34m[1m[es][22m[39m Creating an optimized production build...
[2K[1A[2K[1A[2K[1A[2K[1A[2K[1A[2K[1A[2K[1A[2K[1A[2K[1A[2K[G
[32m●[39m [32mClient[39m [32m█[39m[32m█[39m[32m█[39m[32m█[39m[32m█[39m[32m█[39m[32m█[39m[32m█[39m[32m█[39m[32m█[39m[32m█[39m[32m█[39m[32m█[39m[32m█[39m[32m█[39m[32m█[39m[32m█[39m[32m█[39m[32m█[39m[32m█[39m[37m█[39m[37m█[39m[37m█[39m[37m█[39m[37m█[39m sealing (78%)  
 [90mchunk modules optimization[39m

[33m✔ Server[39m
[90m  [39m

[32m[1m[SUCCESS][22m[39m Generated static files in [36m[4m"build/de"[24m[39m.
[36m[1m[INFO][22m[39m [34m[1m[es][22m[39m Creating an optimized production build...
[2K[1A[2K[1A[2K[1A[2K[1A[2K[1A[2K[1A[2K[1A[2K[1A[2K[1A[2K[G
[32m●[39m [32mClient[39m [32m█[39m[32m█[39m[32m█[39m[32m█[39m[32m█[39m[32m█[39m[32m█[39m[32m█[39m[32m█[39m[32m█[39m[32m█[39m[32m█[39m[32m█[39m[32m█[39m[32m█[39m[32m█[39m[32m█[39m[32m█[39m[32m█[39m[32m█[39m[32m█[39m[32m█[39m[37m█[39m[37m█[39m[37m█[39m sealing (87%)  
 [90mcode generation[39m

[33m✔ Server[39m
[90m  [39m

[32m[1m[SUCCESS][22m[39m Generated static files in [36m[4m"build/de"[24m[39m.
[36m[1m[INFO][22m[39m [34m[1m[es][22m[39m Creating an optimized production build...
[2K[1A[2K[1A[2K[1A[2K[1A[2K[1A[2K[1A[2K[1A[2K[1A[2K[1A[2K[G
[32m●[39m [32mClient[39m [32m█[39m[32m█[39m[32m█[39m[32m█[39m[32m█[39m[32m█[39m[32m█[39m[32m█[39m[32m█[39m[32m█[39m[32m█[39m[32m█[39m[32m█[39m[32m█[39m[32m█[39m[32m█[39m[32m█[39m[32m█[39m[32m█[39m[32m█[39m[32m█[39m[32m█[39m[32m█[39m[37m█[39m[37m█[39m sealing (92%)  
 [90masset processing[39m

[33m✔ Server[39m
[90m  [39m

[32m[1m[SUCCESS][22m[39m Generated static files in [36m[4m"build/de"[24m[39m.
[36m[1m[INFO][22m[39m [34m[1m[es][22m[39m Creating an optimized production build...
[2K[1A[2K[1A[2K[1A[2K[1A[2K[1A[2K[1A[2K[1A[2K[1A[2K[1A[2K[G
[32m✔ Client[39m
[90m  Compiled successfully in 3.04s[39m

[33m✔ Server[39m
[90m  [39m

[32m[1m[SUCCESS][22m[39m Generated static files in [36m[4m"build/de"[24m[39m.
[36m[1m[INFO][22m[39m [34m[1m[es][22m[39m Creating an optimized production build...
[33m[1m[WARNING][22m {"moduleIdentifier":"/home/ed/Documents/LSTS/human-0.com/node_modules/.pnpm/babel-loader@9.2.1_@babel+core@7.28.5_webpack@5.103.0/node_modules/babel-loader/lib/index.js??ruleSet[1].rules[5].use[0]!/home/ed/Documents/LSTS/human-0.com/apps/docs/src/components/Translate/index.tsx","moduleName":"./src/components/Translate/index.tsx","loc":"5:108-118","message":"Critical dependency: the request of a dependency is an expression","compilerPath":"server"}[39m

[32m●[39m [32mClient[39m [32m█[39m[32m█[39m[32m█[39m[32m█[39m[32m█[39m[32m█[39m[32m█[39m[32m█[39m[32m█[39m[32m█[39m[32m█[39m[32m█[39m[32m█[39m[32m█[39m[32m█[39m[32m█[39m[32m█[39m[32m█[39m[32m█[39m[32m█[39m[32m█[39m[32m█[39m[32m█[39m[32m█[39m[32m█[39m cache (99%) [90mshutdown[39m [90mIdleFileCachePlugin[39m
 [90mserialize pack[39m

[33m●[39m [33mServer[39m [33m█[39m[33m█[39m[33m█[39m[33m█[39m[33m█[39m[33m█[39m[33m█[39m[33m█[39m[33m█[39m[33m█[39m[33m█[39m[33m█[39m[33m█[39m[33m█[39m[33m█[39m[33m█[39m[33m█[39m[33m█[39m[33m█[39m[33m█[39m[33m█[39m[33m█[39m[33m█[39m[33m█[39m[33m█[39m cache (99%) [90mshutdown[39m [90mIdleFileCachePlugin[39m
 [90mstored[39m

[2K[1A[2K[1A[2K[1A[2K[1A[2K[1A[2K[1A[2K[1A[2K[G
[32m●[39m [32mClient[39m [32m█[39m[32m█[39m[32m█[39m[32m█[39m[32m█[39m[32m█[39m[32m█[39m[32m█[39m[32m█[39m[32m█[39m[32m█[39m[32m█[39m[32m█[39m[32m█[39m[32m█[39m[32m█[39m[32m█[39m[32m█[39m[32m█[39m[32m█[39m[32m█[39m[32m█[39m[32m█[39m[32m█[39m[32m█[39m cache (99%) [90mshutdown[39m [90mIdleFileCachePlugin[39m
 [90mstored[39m

[33m✔ Server[39m
[90m  [39m

[32m[1m[SUCCESS][22m[39m Generated static files in [36m[4m"build/es"[24m[39m.
[36m[1m[INFO][22m[39m [34m[1m[pt][22m[39m Creating an optimized production build...
[2K[1A[2K[1A[2K[1A[2K[1A[2K[1A[2K[1A[2K[1A[2K[1A[2K[1A[2K[G
[32m●[39m [32mClient[39m [37m█[39m[37m█[39m[37m█[39m[37m█[39m[37m█[39m[37m█[39m[37m█[39m[37m█[39m[37m█[39m[37m█[39m[37m█[39m[37m█[39m[37m█[39m[37m█[39m[37m█[39m[37m█[39m[37m█[39m[37m█[39m[37m█[39m[37m█[39m[37m█[39m[37m█[39m[37m█[39m[37m█[39m[37m█[39m  (0%)  
 

[33m✔ Server[39m
[90m  [39m

[32m[1m[SUCCESS][22m[39m Generated static files in [36m[4m"build/es"[24m[39m.
[36m[1m[INFO][22m[39m [34m[1m[pt][22m[39m Creating an optimized production build...
[2K[1A[2K[1A[2K[1A[2K[1A[2K[1A[2K[1A[2K[1A[2K[1A[2K[1A[2K[G
[32m●[39m [32mClient[39m [32m█[39m[32m█[39m[32m█[39m[37m█[39m[37m█[39m[37m█[39m[37m█[39m[37m█[39m[37m█[39m[37m█[39m[37m█[39m[37m█[39m[37m█[39m[37m█[39m[37m█[39m[37m█[39m[37m█[39m[37m█[39m[37m█[39m[37m█[39m[37m█[39m[37m█[39m[37m█[39m[37m█[39m[37m█[39m building (10%) [90m0/1 entries 0/0 dependencies 0/0 modules 0 active[39m 
 

[33m●[39m [33mServer[39m [33m█[39m[33m█[39m[33m█[39m[37m█[39m[37m█[39m[37m█[39m[37m█[39m[37m█[39m[37m█[39m[37m█[39m[37m█[39m[37m█[39m[37m█[39m[37m█[39m[37m█[39m[37m█[39m[37m█[39m[37m█[39m[37m█[39m[37m█[39m[37m█[39m[37m█[39m[37m█[39m[37m█[39m[37m█[39m building (10%) [90m0/1 entries 1/1 dependencies 0/0 modules 0 active[39m 
 

[32m[1m[SUCCESS][22m[39m Generated static files in [36m[4m"build/es"[24m[39m.
[36m[1m[INFO][22m[39m [34m[1m[pt][22m[39m Creating an optimized production build...
[2K[1A[2K[1A[2K[1A[2K[1A[2K[1A[2K[1A[2K[1A[2K[1A[2K[1A[2K[G
[32m●[39m [32mClient[39m [32m█[39m[32m█[39m[32m█[39m[37m█[39m[37m█[39m[37m█[39m[37m█[39m[37m█[39m[37m█[39m[37m█[39m[37m█[39m[37m█[39m[37m█[39m[37m█[39m[37m█[39m[37m█[39m[37m█[39m[37m█[39m[37m█[39m[37m█[39m[37m█[39m[37m█[39m[37m█[39m[37m█[39m[37m█[39m building (10%) [90m0/1 entries 1/1 dependencies 0/0 modules 0 active[39m 
 

[33m●[39m [33mServer[39m [33m█[39m[33m█[39m[33m█[39m[37m█[39m[37m█[39m[37m█[39m[37m█[39m[37m█[39m[37m█[39m[37m█[39m[37m█[39m[37m█[39m[37m█[39m[37m█[39m[37m█[39m[37m█[39m[37m█[39m[37m█[39m[37m█[39m[37m█[39m[37m█[39m[37m█[39m[37m█[39m[37m█[39m[37m█[39m building (10%) [90m0/1 entries 1/1 dependencies 0/0 modules 0 active[39m 
 

[32m[1m[SUCCESS][22m[39m Generated static files in [36m[4m"build/es"[24m[39m.
[36m[1m[INFO][22m[39m [34m[1m[pt][22m[39m Creating an optimized production build...
[2K[1A[2K[1A[2K[1A[2K[1A[2K[1A[2K[1A[2K[1A[2K[1A[2K[1A[2K[G
[32m●[39m [32mClient[39m [32m█[39m[32m█[39m[32m█[39m[37m█[39m[37m█[39m[37m█[39m[37m█[39m[37m█[39m[37m█[39m[37m█[39m[37m█[39m[37m█[39m[37m█[39m[37m█[39m[37m█[39m[37m█[39m[37m█[39m[37m█[39m[37m█[39m[37m█[39m[37m█[39m[37m█[39m[37m█[39m[37m█[39m[37m█[39m building (10%) [90m0/1 entries 1/1 dependencies 0/0 modules 0 active[39m 
 

[33m●[39m [33mServer[39m [33m█[39m[33m█[39m[33m█[39m[37m█[39m[37m█[39m[37m█[39m[37m█[39m[37m█[39m[37m█[39m[37m█[39m[37m█[39m[37m█[39m[37m█[39m[37m█[39m[37m█[39m[37m█[39m[37m█[39m[37m█[39m[37m█[39m[37m█[39m[37m█[39m[37m█[39m[37m█[39m[37m█[39m[37m█[39m building (10%) [90m0/1 entries 11/21 dependencies 0/10 modules 0 active[39m 
 

[32m[1m[SUCCESS][22m[39m Generated static files in [36m[4m"build/es"[24m[39m.
[36m[1m[INFO][22m[39m [34m[1m[pt][22m[39m Creating an optimized production build...
[2K[1A[2K[1A[2K[1A[2K[1A[2K[1A[2K[1A[2K[1A[2K[1A[2K[1A[2K[G
[32m●[39m [32mClient[39m [32m█[39m[32m█[39m[32m█[39m[37m█[39m[37m█[39m[37m█[39m[37m█[39m[37m█[39m[37m█[39m[37m█[39m[37m█[39m[37m█[39m[37m█[39m[37m█[39m[37m█[39m[37m█[39m[37m█[39m[37m█[39m[37m█[39m[37m█[39m[37m█[39m[37m█[39m[37m█[39m[37m█[39m[37m█[39m building (11%) [90m0/1 entries 75/120 dependencies 13/41 modules 0 active[39m 
 

[33m●[39m [33mServer[39m [33m█[39m[33m█[39m[33m█[39m[37m█[39m[37m█[39m[37m█[39m[37m█[39m[37m█[39m[37m█[39m[37m█[39m[37m█[39m[37m█[39m[37m█[39m[37m█[39m[37m█[39m[37m█[39m[37m█[39m[37m█[39m[37m█[39m[37m█[39m[37m█[39m[37m█[39m[37m█[39m[37m█[39m[37m█[39m building (10%) [90m0/1 entries 11/21 dependencies 0/10 modules 0 active[39m 
 

[32m[1m[SUCCESS][22m[39m Generated static files in [36m[4m"build/es"[24m[39m.
[36m[1m[INFO][22m[39m [34m[1m[pt][22m[39m Creating an optimized production build...
[2K[1A[2K[1A[2K[1A[2K[1A[2K[1A[2K[1A[2K[1A[2K[1A[2K[1A[2K[G
[32m●[39m [32mClient[39m [32m█[39m[32m█[39m[32m█[39m[37m█[39m[37m█[39m[37m█[39m[37m█[39m[37m█[39m[37m█[39m[37m█[39m[37m█[39m[37m█[39m[37m█[39m[37m█[39m[37m█[39m[37m█[39m[37m█[39m[37m█[39m[37m█[39m[37m█[39m[37m█[39m[37m█[39m[37m█[39m[37m█[39m[37m█[39m building (11%) [90m0/1 entries 75/120 dependencies 13/41 modules 0 active[39m 
 

[33m●[39m [33mServer[39m [33m█[39m[33m█[39m[33m█[39m[33m█[39m[33m█[39m[33m█[39m[37m█[39m[37m█[39m[37m█[39m[37m█[39m[37m█[39m[37m█[39m[37m█[39m[37m█[39m[37m█[39m[37m█[39m[37m█[39m[37m█[39m[37m█[39m[37m█[39m[37m█[39m[37m█[39m[37m█[39m[37m█[39m[37m█[39m building (22%) [90m0/1 entries 437/600 dependencies 118/178 modules 0 active[39m 
 

[32m[1m[SUCCESS][22m[39m Generated static files in [36m[4m"build/es"[24m[39m.
[36m[1m[INFO][22m[39m [34m[1m[pt][22m[39m Creating an optimized production build...
[2K[1A[2K[1A[2K[1A[2K[1A[2K[1A[2K[1A[2K[1A[2K[1A[2K[1A[2K[G
[32m●[39m [32mClient[39m [32m█[39m[32m█[39m[32m█[39m[32m█[39m[32m█[39m[32m█[39m[37m█[39m[37m█[39m[37m█[39m[37m█[39m[37m█[39m[37m█[39m[37m█[39m[37m█[39m[37m█[39m[37m█[39m[37m█[39m[37m█[39m[37m█[39m[37m█[39m[37m█[39m[37m█[39m[37m█[39m[37m█[39m[37m█[39m building (22%) [90m0/1 entries 600/702 dependencies 137/229 modules 0 active[39m 
 

[33m●[39m [33mServer[39m [33m█[39m[33m█[39m[33m█[39m[33m█[39m[33m█[39m[33m█[39m[37m█[39m[37m█[39m[37m█[39m[37m█[39m[37m█[39m[37m█[39m[37m█[39m[37m█[39m[37m█[39m[37m█[39m[37m█[39m[37m█[39m[37m█[39m[37m█[39m[37m█[39m[37m█[39m[37m█[39m[37m█[39m[37m█[39m building (22%) [90m0/1 entries 437/600 dependencies 118/178 modules 0 active[39m 
 

[32m[1m[SUCCESS][22m[39m Generated static files in [36m[4m"build/es"[24m[39m.
[36m[1m[INFO][22m[39m [34m[1m[pt][22m[39m Creating an optimized production build...
[2K[1A[2K[1A[2K[1A[2K[1A[2K[1A[2K[1A[2K[1A[2K[1A[2K[1A[2K[G
[32m●[39m [32mClient[39m [32m█[39m[32m█[39m[32m█[39m[32m█[39m[32m█[39m[32m█[39m[32m█[39m[32m█[39m[37m█[39m[37m█[39m[37m█[39m[37m█[39m[37m█[39m[37m█[39m[37m█[39m[37m█[39m[37m█[39m[37m█[39m[37m█[39m[37m█[39m[37m█[39m[37m█[39m[37m█[39m[37m█[39m[37m█[39m building (29%) [90m0/1 entries 1010/1183 dependencies 213/332 modules 1 active[39m 
 [90mlocales|lazy|/^\.\/.*\.json$/|referencedExports: [["default"],[],["default"],[]]|groupOptions: {}|namespace object[39m

[33m●[39m [33mServer[39m [33m█[39m[33m█[39m[33m█[39m[33m█[39m[33m█[39m[33m█[39m[37m█[39m[37m█[39m[37m█[39m[37m█[39m[37m█[39m[37m█[39m[37m█[39m[37m█[39m[37m█[39m[37m█[39m[37m█[39m[37m█[39m[37m█[39m[37m█[39m[37m█[39m[37m█[39m[37m█[39m[37m█[39m[37m█[39m building (22%) [90m0/1 entries 437/600 dependencies 118/178 modules 0 active[39m 
 

[32m[1m[SUCCESS][22m[39m Generated static files in [36m[4m"build/es"[24m[39m.
[36m[1m[INFO][22m[39m [34m[1m[pt][22m[39m Creating an optimized production build...
[2K[1A[2K[1A[2K[1A[2K[1A[2K[1A[2K[1A[2K[1A[2K[1A[2K[1A[2K[G
[32m●[39m [32mClient[39m [32m█[39m[32m█[39m[32m█[39m[32m█[39m[32m█[39m[32m█[39m[32m█[39m[32m█[39m[37m█[39m[37m█[39m[37m█[39m[37m█[39m[37m█[39m[37m█[39m[37m█[39m[37m█[39m[37m█[39m[37m█[39m[37m█[39m[37m█[39m[37m█[39m[37m█[39m[37m█[39m[37m█[39m[37m█[39m building (29%) [90m0/1 entries 1010/1183 dependencies 213/332 modules 1 active[39m 
 [90mlocales|lazy|/^\.\/.*\.json$/|referencedExports: [["default"],[],["default"],[]]|groupOptions: {}|namespace object[39m

[33m●[39m [33mServer[39m [33m█[39m[33m█[39m[33m█[39m[33m█[39m[33m█[39m[33m█[39m[33m█[39m[33m█[39m[33m█[39m[37m█[39m[37m█[39m[37m█[39m[37m█[39m[37m█[39m[37m█[39m[37m█[39m[37m█[39m[37m█[39m[37m█[39m[37m█[39m[37m█[39m[37m█[39m[37m█[39m[37m█[39m[37m█[39m building (35%) [90m0/1 entries 1072/1200 dependencies 244/369 modules 0 active[39m 
 

[32m[1m[SUCCESS][22m[39m Generated static files in [36m[4m"build/es"[24m[39m.
[36m[1m[INFO][22m[39m [34m[1m[pt][22m[39m Creating an optimized production build...
[2K[1A[2K[1A[2K[1A[2K[1A[2K[1A[2K[1A[2K[1A[2K[1A[2K[1A[2K[G
[32m●[39m [32mClient[39m [32m█[39m[32m█[39m[32m█[39m[32m█[39m[32m█[39m[32m█[39m[32m█[39m[32m█[39m[32m█[39m[32m█[39m[32m█[39m[37m█[39m[37m█[39m[37m█[39m[37m█[39m[37m█[39m[37m█[39m[37m█[39m[37m█[39m[37m█[39m[37m█[39m[37m█[39m[37m█[39m[37m█[39m[37m█[39m building (41%) [90m0/1 entries 1319/1400 dependencies 346/441 modules 0 active[39m 
 

[33m●[39m [33mServer[39m [33m█[39m[33m█[39m[33m█[39m[33m█[39m[33m█[39m[33m█[39m[33m█[39m[33m█[39m[33m█[39m[37m█[39m[37m█[39m[37m█[39m[37m█[39m[37m█[39m[37m█[39m[37m█[39m[37m█[39m[37m█[39m[37m█[39m[37m█[39m[37m█[39m[37m█[39m[37m█[39m[37m█[39m[37m█[39m building (35%) [90m0/1 entries 1072/1200 dependencies 244/369 modules 0 active[39m 
 

[32m[1m[SUCCESS][22m[39m Generated static files in [36m[4m"build/es"[24m[39m.
[36m[1m[INFO][22m[39m [34m[1m[pt][22m[39m Creating an optimized production build...
[2K[1A[2K[1A[2K[1A[2K[1A[2K[1A[2K[1A[2K[1A[2K[1A[2K[1A[2K[G
[32m●[39m [32mClient[39m [32m█[39m[32m█[39m[32m█[39m[32m█[39m[32m█[39m[32m█[39m[32m█[39m[32m█[39m[32m█[39m[32m█[39m[32m█[39m[37m█[39m[37m█[39m[37m█[39m[37m█[39m[37m█[39m[37m█[39m[37m█[39m[37m█[39m[37m█[39m[37m█[39m[37m█[39m[37m█[39m[37m█[39m[37m█[39m building (41%) [90m0/1 entries 1319/1400 dependencies 346/441 modules 0 active[39m 
 

[33m●[39m [33mServer[39m [33m█[39m[33m█[39m[33m█[39m[33m█[39m[33m█[39m[33m█[39m[33m█[39m[33m█[39m[33m█[39m[33m█[39m[33m█[39m[33m█[39m[33m█[39m[33m█[39m[33m█[39m[33m█[39m[33m█[39m[37m█[39m[37m█[39m[37m█[39m[37m█[39m[37m█[39m[37m█[39m[37m█[39m[37m█[39m building (65%) [90m1/1 entries 1779/1779 dependencies 528/528 modules 0 active[39m 
 

[32m[1m[SUCCESS][22m[39m Generated static files in [36m[4m"build/es"[24m[39m.
[36m[1m[INFO][22m[39m [34m[1m[pt][22m[39m Creating an optimized production build...
[2K[1A[2K[1A[2K[1A[2K[1A[2K[1A[2K[1A[2K[1A[2K[1A[2K[1A[2K[G
[32m●[39m [32mClient[39m [32m█[39m[32m█[39m[32m█[39m[32m█[39m[32m█[39m[32m█[39m[32m█[39m[32m█[39m[32m█[39m[32m█[39m[32m█[39m[37m█[39m[37m█[39m[37m█[39m[37m█[39m[37m█[39m[37m█[39m[37m█[39m[37m█[39m[37m█[39m[37m█[39m[37m█[39m[37m█[39m[37m█[39m[37m█[39m building (41%) [90m0/1 entries 1319/1400 dependencies 346/441 modules 0 active[39m 
 

[33m●[39m [33mServer[39m [33m█[39m[33m█[39m[33m█[39m[33m█[39m[33m█[39m[33m█[39m[33m█[39m[33m█[39m[33m█[39m[33m█[39m[33m█[39m[33m█[39m[33m█[39m[33m█[39m[33m█[39m[33m█[39m[33m█[39m[33m█[39m[37m█[39m[37m█[39m[37m█[39m[37m█[39m[37m█[39m[37m█[39m[37m█[39m sealing (71%) [90mdependencies optimization[39m 
 [90mFlagDependencyUsagePlugin[39m

[32m[1m[SUCCESS][22m[39m Generated static files in [36m[4m"build/es"[24m[39m.
[36m[1m[INFO][22m[39m [34m[1m[pt][22m[39m Creating an optimized production build...
[2K[1A[2K[1A[2K[1A[2K[1A[2K[1A[2K[1A[2K[1A[2K[1A[2K[1A[2K[G
[32m●[39m [32mClient[39m [32m█[39m[32m█[39m[32m█[39m[32m█[39m[32m█[39m[32m█[39m[32m█[39m[32m█[39m[32m█[39m[32m█[39m[32m█[39m[37m█[39m[37m█[39m[37m█[39m[37m█[39m[37m█[39m[37m█[39m[37m█[39m[37m█[39m[37m█[39m[37m█[39m[37m█[39m[37m█[39m[37m█[39m[37m█[39m building (41%) [90m0/1 entries 1319/1400 dependencies 346/441 modules 0 active[39m 
 

[33m●[39m [33mServer[39m [33m█[39m[33m█[39m[33m█[39m[33m█[39m[33m█[39m[33m█[39m[33m█[39m[33m█[39m[33m█[39m[33m█[39m[33m█[39m[33m█[39m[33m█[39m[33m█[39m[33m█[39m[33m█[39m[33m█[39m[33m█[39m[37m█[39m[37m█[39m[37m█[39m[37m█[39m[37m█[39m[37m█[39m[37m█[39m sealing (71%)  
 [90mdependencies optimization[39m

[32m[1m[SUCCESS][22m[39m Generated static files in [36m[4m"build/es"[24m[39m.
[36m[1m[INFO][22m[39m [34m[1m[pt][22m[39m Creating an optimized production build...
[2K[1A[2K[1A[2K[1A[2K[1A[2K[1A[2K[1A[2K[1A[2K[1A[2K[1A[2K[G
[32m●[39m [32mClient[39m [32m█[39m[32m█[39m[32m█[39m[32m█[39m[32m█[39m[32m█[39m[32m█[39m[32m█[39m[32m█[39m[32m█[39m[32m█[39m[37m█[39m[37m█[39m[37m█[39m[37m█[39m[37m█[39m[37m█[39m[37m█[39m[37m█[39m[37m█[39m[37m█[39m[37m█[39m[37m█[39m[37m█[39m[37m█[39m building (41%) [90m0/1 entries 1319/1400 dependencies 346/441 modules 0 active[39m 
 

[33m●[39m [33mServer[39m [33m█[39m[33m█[39m[33m█[39m[33m█[39m[33m█[39m[33m█[39m[33m█[39m[33m█[39m[33m█[39m[33m█[39m[33m█[39m[33m█[39m[33m█[39m[33m█[39m[33m█[39m[33m█[39m[33m█[39m[33m█[39m[33m█[39m[33m█[39m[33m█[39m[33m█[39m[37m█[39m[37m█[39m[37m█[39m sealing (87%)  
 [90mcode generation[39m

[32m[1m[SUCCESS][22m[39m Generated static files in [36m[4m"build/es"[24m[39m.
[36m[1m[INFO][22m[39m [34m[1m[pt][22m[39m Creating an optimized production build...
[2K[1A[2K[1A[2K[1A[2K[1A[2K[1A[2K[1A[2K[1A[2K[1A[2K[1A[2K[G
[32m●[39m [32mClient[39m [32m█[39m[32m█[39m[32m█[39m[32m█[39m[32m█[39m[32m█[39m[32m█[39m[32m█[39m[32m█[39m[32m█[39m[32m█[39m[32m█[39m[32m█[39m[32m█[39m[32m█[39m[32m█[39m[32m█[39m[32m█[39m[37m█[39m[37m█[39m[37m█[39m[37m█[39m[37m█[39m[37m█[39m[37m█[39m sealing (70%) [90mfinish module graph[39m 
 [90mInnerGraphPlugin[39m

[33m●[39m [33mServer[39m [33m█[39m[33m█[39m[33m█[39m[33m█[39m[33m█[39m[33m█[39m[33m█[39m[33m█[39m[33m█[39m[33m█[39m[33m█[39m[33m█[39m[33m█[39m[33m█[39m[33m█[39m[33m█[39m[33m█[39m[33m█[39m[33m█[39m[33m█[39m[33m█[39m[33m█[39m[33m█[39m[33m█[39m[37m█[39m emitting (95%)  
 [90memit[39m

[32m[1m[SUCCESS][22m[39m Generated static files in [36m[4m"build/es"[24m[39m.
[36m[1m[INFO][22m[39m [34m[1m[pt][22m[39m Creating an optimized production build...
[2K[1A[2K[1A[2K[1A[2K[1A[2K[1A[2K[1A[2K[1A[2K[1A[2K[1A[2K[G
[32m●[39m [32mClient[39m [32m█[39m[32m█[39m[32m█[39m[32m█[39m[32m█[39m[32m█[39m[32m█[39m[32m█[39m[32m█[39m[32m█[39m[32m█[39m[32m█[39m[32m█[39m[32m█[39m[32m█[39m[32m█[39m[32m█[39m[32m█[39m[37m█[39m[37m█[39m[37m█[39m[37m█[39m[37m█[39m[37m█[39m[37m█[39m sealing (71%)  
 [90mdependencies optimization[39m

[33m●[39m [33mServer[39m [33m█[39m[33m█[39m[33m█[39m[33m█[39m[33m█[39m[33m█[39m[33m█[39m[33m█[39m[33m█[39m[33m█[39m[33m█[39m[33m█[39m[33m█[39m[33m█[39m[33m█[39m[33m█[39m[33m█[39m[33m█[39m[33m█[39m[33m█[39m[33m█[39m[33m█[39m[33m█[39m[33m█[39m[37m█[39m emitting (95%)  
 [90memit[39m

[32m[1m[SUCCESS][22m[39m Generated static files in [36m[4m"build/es"[24m[39m.
[36m[1m[INFO][22m[39m [34m[1m[pt][22m[39m Creating an optimized production build...
[2K[1A[2K[1A[2K[1A[2K[1A[2K[1A[2K[1A[2K[1A[2K[1A[2K[1A[2K[G
[32m●[39m [32mClient[39m [32m█[39m[32m█[39m[32m█[39m[32m█[39m[32m█[39m[32m█[39m[32m█[39m[32m█[39m[32m█[39m[32m█[39m[32m█[39m[32m█[39m[32m█[39m[32m█[39m[32m█[39m[32m█[39m[32m█[39m[32m█[39m[32m█[39m[32m█[39m[37m█[39m[37m█[39m[37m█[39m[37m█[39m[37m█[39m sealing (78%)  
 [90mchunk modules optimization[39m

[33m●[39m [33mServer[39m [33m█[39m[33m█[39m[33m█[39m[33m█[39m[33m█[39m[33m█[39m[33m█[39m[33m█[39m[33m█[39m[33m█[39m[33m█[39m[33m█[39m[33m█[39m[33m█[39m[33m█[39m[33m█[39m[33m█[39m[33m█[39m[33m█[39m[33m█[39m[33m█[39m[33m█[39m[33m█[39m[33m█[39m[37m█[39m emitting (95%)  
 [90memit[39m

[32m[1m[SUCCESS][22m[39m Generated static files in [36m[4m"build/es"[24m[39m.
[36m[1m[INFO][22m[39m [34m[1m[pt][22m[39m Creating an optimized production build...
[2K[1A[2K[1A[2K[1A[2K[1A[2K[1A[2K[1A[2K[1A[2K[1A[2K[1A[2K[G
[32m●[39m [32mClient[39m [32m█[39m[32m█[39m[32m█[39m[32m█[39m[32m█[39m[32m█[39m[32m█[39m[32m█[39m[32m█[39m[32m█[39m[32m█[39m[32m█[39m[32m█[39m[32m█[39m[32m█[39m[32m█[39m[32m█[39m[32m█[39m[32m█[39m[32m█[39m[32m█[39m[32m█[39m[37m█[39m[37m█[39m[37m█[39m sealing (87%)  
 [90mcode generation[39m

[33m●[39m [33mServer[39m [33m█[39m[33m█[39m[33m█[39m[33m█[39m[33m█[39m[33m█[39m[33m█[39m[33m█[39m[33m█[39m[33m█[39m[33m█[39m[33m█[39m[33m█[39m[33m█[39m[33m█[39m[33m█[39m[33m█[39m[33m█[39m[33m█[39m[33m█[39m[33m█[39m[33m█[39m[33m█[39m[33m█[39m[37m█[39m emitting (95%)  
 [90memit[39m

[32m[1m[SUCCESS][22m[39m Generated static files in [36m[4m"build/es"[24m[39m.
[36m[1m[INFO][22m[39m [34m[1m[pt][22m[39m Creating an optimized production build...
[2K[1A[2K[1A[2K[1A[2K[1A[2K[1A[2K[1A[2K[1A[2K[1A[2K[1A[2K[G
[32m●[39m [32mClient[39m [32m█[39m[32m█[39m[32m█[39m[32m█[39m[32m█[39m[32m█[39m[32m█[39m[32m█[39m[32m█[39m[32m█[39m[32m█[39m[32m█[39m[32m█[39m[32m█[39m[32m█[39m[32m█[39m[32m█[39m[32m█[39m[32m█[39m[32m█[39m[32m█[39m[32m█[39m[32m█[39m[37m█[39m[37m█[39m sealing (92%) [90masset processing[39m 
 [90mcopy-webpack-plugin[39m

[33m✔ Server[39m
[90m  Compiled successfully in 3.74s[39m

[32m[1m[SUCCESS][22m[39m Generated static files in [36m[4m"build/es"[24m[39m.
[36m[1m[INFO][22m[39m [34m[1m[pt][22m[39m Creating an optimized production build...
[2K[1A[2K[1A[2K[1A[2K[1A[2K[1A[2K[1A[2K[1A[2K[1A[2K[1A[2K[G
[32m●[39m [32mClient[39m [32m█[39m[32m█[39m[32m█[39m[32m█[39m[32m█[39m[32m█[39m[32m█[39m[32m█[39m[32m█[39m[32m█[39m[32m█[39m[32m█[39m[32m█[39m[32m█[39m[32m█[39m[32m█[39m[32m█[39m[32m█[39m[32m█[39m[32m█[39m[32m█[39m[32m█[39m[32m█[39m[32m█[39m[32m█[39m emitting (98%)  
 [90mafter emit[39m

[33m✔ Server[39m
[90m  [39m

[32m[1m[SUCCESS][22m[39m Generated static files in [36m[4m"build/es"[24m[39m.
[36m[1m[INFO][22m[39m [34m[1m[pt][22m[39m Creating an optimized production build...
[2K[1A[2K[1A[2K[1A[2K[1A[2K[1A[2K[1A[2K[1A[2K[1A[2K[1A[2K[G
[32m✔ Client[39m
[90m  Compiled successfully in 3.83s[39m

[33m✔ Server[39m
[90m  [39m

[32m[1m[SUCCESS][22m[39m Generated static files in [36m[4m"build/es"[24m[39m.
[36m[1m[INFO][22m[39m [34m[1m[pt][22m[39m Creating an optimized production build...
[33m[1m[WARNING][22m {"moduleIdentifier":"/home/ed/Documents/LSTS/human-0.com/node_modules/.pnpm/babel-loader@9.2.1_@babel+core@7.28.5_webpack@5.103.0/node_modules/babel-loader/lib/index.js??ruleSet[1].rules[5].use[0]!/home/ed/Documents/LSTS/human-0.com/apps/docs/src/components/Translate/index.tsx","moduleName":"./src/components/Translate/index.tsx","loc":"5:108-118","message":"Critical dependency: the request of a dependency is an expression","compilerPath":"server"}[39m

[32m●[39m [32mClient[39m [32m█[39m[32m█[39m[32m█[39m[32m█[39m[32m█[39m[32m█[39m[32m█[39m[32m█[39m[32m█[39m[32m█[39m[32m█[39m[32m█[39m[32m█[39m[32m█[39m[32m█[39m[32m█[39m[32m█[39m[32m█[39m[32m█[39m[32m█[39m[32m█[39m[32m█[39m[32m█[39m[32m█[39m[32m█[39m cache (99%) [90mshutdown[39m [90mIdleFileCachePlugin[39m
 [90mserialize pack[39m

[33m●[39m [33mServer[39m [33m█[39m[33m█[39m[33m█[39m[33m█[39m[33m█[39m[33m█[39m[33m█[39m[33m█[39m[33m█[39m[33m█[39m[33m█[39m[33m█[39m[33m█[39m[33m█[39m[33m█[39m[33m█[39m[33m█[39m[33m█[39m[33m█[39m[33m█[39m[33m█[39m[33m█[39m[33m█[39m[33m█[39m[33m█[39m cache (99%) [90mshutdown[39m [90mIdleFileCachePlugin[39m
 [90mstored[39m

[2K[1A[2K[1A[2K[1A[2K[1A[2K[1A[2K[1A[2K[1A[2K[G
[32m●[39m [32mClient[39m [32m█[39m[32m█[39m[32m█[39m[32m█[39m[32m█[39m[32m█[39m[32m█[39m[32m█[39m[32m█[39m[32m█[39m[32m█[39m[32m█[39m[32m█[39m[32m█[39m[32m█[39m[32m█[39m[32m█[39m[32m█[39m[32m█[39m[32m█[39m[32m█[39m[32m█[39m[32m█[39m[32m█[39m[32m█[39m cache (99%) [90mshutdown[39m [90mIdleFileCachePlugin[39m
 [90mstored[39m

[33m✔ Server[39m
[90m  [39m

[32m[1m[SUCCESS][22m[39m Generated static files in [36m[4m"build/pt"[24m[39m.
[36m[1m[INFO][22m[39m [34m[1m[fr][22m[39m Creating an optimized production build...
[2K[1A[2K[1A[2K[1A[2K[1A[2K[1A[2K[1A[2K[1A[2K[1A[2K[1A[2K[G
[32m●[39m [32mClient[39m [37m█[39m[37m█[39m[37m█[39m[37m█[39m[37m█[39m[37m█[39m[37m█[39m[37m█[39m[37m█[39m[37m█[39m[37m█[39m[37m█[39m[37m█[39m[37m█[39m[37m█[39m[37m█[39m[37m█[39m[37m█[39m[37m█[39m[37m█[39m[37m█[39m[37m█[39m[37m█[39m[37m█[39m[37m█[39m  (0%)  
 

[33m✔ Server[39m
[90m  [39m

[32m[1m[SUCCESS][22m[39m Generated static files in [36m[4m"build/pt"[24m[39m.
[36m[1m[INFO][22m[39m [34m[1m[fr][22m[39m Creating an optimized production build...
[2K[1A[2K[1A[2K[1A[2K[1A[2K[1A[2K[1A[2K[1A[2K[1A[2K[1A[2K[G
[32m●[39m [32mClient[39m [32m█[39m[32m█[39m[32m█[39m[37m█[39m[37m█[39m[37m█[39m[37m█[39m[37m█[39m[37m█[39m[37m█[39m[37m█[39m[37m█[39m[37m█[39m[37m█[39m[37m█[39m[37m█[39m[37m█[39m[37m█[39m[37m█[39m[37m█[39m[37m█[39m[37m█[39m[37m█[39m[37m█[39m[37m█[39m building (10%) [90m0/1 entries 0/0 dependencies 0/0 modules 0 active[39m 
 

[33m●[39m [33mServer[39m [33m█[39m[33m█[39m[33m█[39m[37m█[39m[37m█[39m[37m█[39m[37m█[39m[37m█[39m[37m█[39m[37m█[39m[37m█[39m[37m█[39m[37m█[39m[37m█[39m[37m█[39m[37m█[39m[37m█[39m[37m█[39m[37m█[39m[37m█[39m[37m█[39m[37m█[39m[37m█[39m[37m█[39m[37m█[39m building (10%) [90m0/1 entries 1/2 dependencies 0/1 modules 0 active[39m 
 

[32m[1m[SUCCESS][22m[39m Generated static files in [36m[4m"build/pt"[24m[39m.
[36m[1m[INFO][22m[39m [34m[1m[fr][22m[39m Creating an optimized production build...
[2K[1A[2K[1A[2K[1A[2K[1A[2K[1A[2K[1A[2K[1A[2K[1A[2K[1A[2K[G
[32m●[39m [32mClient[39m [32m█[39m[32m█[39m[32m█[39m[37m█[39m[37m█[39m[37m█[39m[37m█[39m[37m█[39m[37m█[39m[37m█[39m[37m█[39m[37m█[39m[37m█[39m[37m█[39m[37m█[39m[37m█[39m[37m█[39m[37m█[39m[37m█[39m[37m█[39m[37m█[39m[37m█[39m[37m█[39m[37m█[39m[37m█[39m building (10%) [90m0/1 entries 1/1 dependencies 0/0 modules 0 active[39m 
 

[33m●[39m [33mServer[39m [33m█[39m[33m█[39m[33m█[39m[37m█[39m[37m█[39m[37m█[39m[37m█[39m[37m█[39m[37m█[39m[37m█[39m[37m█[39m[37m█[39m[37m█[39m[37m█[39m[37m█[39m[37m█[39m[37m█[39m[37m█[39m[37m█[39m[37m█[39m[37m█[39m[37m█[39m[37m█[39m[37m█[39m[37m█[39m building (10%) [90m0/1 entries 1/2 dependencies 0/1 modules 0 active[39m 
 

[32m[1m[SUCCESS][22m[39m Generated static files in [36m[4m"build/pt"[24m[39m.
[36m[1m[INFO][22m[39m [34m[1m[fr][22m[39m Creating an optimized production build...
[2K[1A[2K[1A[2K[1A[2K[1A[2K[1A[2K[1A[2K[1A[2K[1A[2K[1A[2K[G
[32m●[39m [32mClient[39m [32m█[39m[32m█[39m[32m█[39m[37m█[39m[37m█[39m[37m█[39m[37m█[39m[37m█[39m[37m█[39m[37m█[39m[37m█[39m[37m█[39m[37m█[39m[37m█[39m[37m█[39m[37m█[39m[37m█[39m[37m█[39m[37m█[39m[37m█[39m[37m█[39m[37m█[39m[37m█[39m[37m█[39m[37m█[39m building (10%) [90m0/1 entries 1/1 dependencies 0/0 modules 0 active[39m 
 

[33m●[39m [33mServer[39m [33m█[39m[33m█[39m[33m█[39m[33m█[39m[37m█[39m[37m█[39m[37m█[39m[37m█[39m[37m█[39m[37m█[39m[37m█[39m[37m█[39m[37m█[39m[37m█[39m[37m█[39m[37m█[39m[37m█[39m[37m█[39m[37m█[39m[37m█[39m[37m█[39m[37m█[39m[37m█[39m[37m█[39m[37m█[39m building (16%) [90m0/1 entries 200/268 dependencies 62/96 modules 0 active[39m 
 

[32m[1m[SUCCESS][22m[39m Generated static files in [36m[4m"build/pt"[24m[39m.
[36m[1m[INFO][22m[39m [34m[1m[fr][22m[39m Creating an optimized production build...
[2K[1A[2K[1A[2K[1A[2K[1A[2K[1A[2K[1A[2K[1A[2K[1A[2K[1A[2K[G
[32m●[39m [32mClient[39m [32m█[39m[32m█[39m[32m█[39m[37m█[39m[37m█[39m[37m█[39m[37m█[39m[37m█[39m[37m█[39m[37m█[39m[37m█[39m[37m█[39m[37m█[39m[37m█[39m[37m█[39m[37m█[39m[37m█[39m[37m█[39m[37m█[39m[37m█[39m[37m█[39m[37m█[39m[37m█[39m[37m█[39m[37m█[39m building (12%) [90m0/1 entries 155/238 dependencies 29/70 modules 0 active[39m 
 

[33m●[39m [33mServer[39m [33m█[39m[33m█[39m[33m█[39m[33m█[39m[37m█[39m[37m█[39m[37m█[39m[37m█[39m[37m█[39m[37m█[39m[37m█[39m[37m█[39m[37m█[39m[37m█[39m[37m█[39m[37m█[39m[37m█[39m[37m█[39m[37m█[39m[37m█[39m[37m█[39m[37m█[39m[37m█[39m[37m█[39m[37m█[39m building (16%) [90m0/1 entries 200/268 dependencies 62/96 modules 0 active[39m 
 

[32m[1m[SUCCESS][22m[39m Generated static files in [36m[4m"build/pt"[24m[39m.
[36m[1m[INFO][22m[39m [34m[1m[fr][22m[39m Creating an optimized production build...
[2K[1A[2K[1A[2K[1A[2K[1A[2K[1A[2K[1A[2K[1A[2K[1A[2K[1A[2K[G
[32m●[39m [32mClient[39m [32m█[39m[32m█[39m[32m█[39m[37m█[39m[37m█[39m[37m█[39m[37m█[39m[37m█[39m[37m█[39m[37m█[39m[37m█[39m[37m█[39m[37m█[39m[37m█[39m[37m█[39m[37m█[39m[37m█[39m[37m█[39m[37m█[39m[37m█[39m[37m█[39m[37m█[39m[37m█[39m[37m█[39m[37m█[39m building (12%) [90m0/1 entries 155/238 dependencies 29/70 modules 0 active[39m 
 

[33m●[39m [33mServer[39m [33m█[39m[33m█[39m[33m█[39m[33m█[39m[33m█[39m[33m█[39m[33m█[39m[33m█[39m[37m█[39m[37m█[39m[37m█[39m[37m█[39m[37m█[39m[37m█[39m[37m█[39m[37m█[39m[37m█[39m[37m█[39m[37m█[39m[37m█[39m[37m█[39m[37m█[39m[37m█[39m[37m█[39m[37m█[39m building (31%) [90m0/1 entries 900/1029 dependencies 210/306 modules 0 active[39m 
 

[32m[1m[SUCCESS][22m[39m Generated static files in [36m[4m"build/pt"[24m[39m.
[36m[1m[INFO][22m[39m [34m[1m[fr][22m[39m Creating an optimized production build...
[2K[1A[2K[1A[2K[1A[2K[1A[2K[1A[2K[1A[2K[1A[2K[1A[2K[1A[2K[G
[32m●[39m [32mClient[39m [32m█[39m[32m█[39m[32m█[39m[32m█[39m[32m█[39m[32m█[39m[32m█[39m[37m█[39m[37m█[39m[37m█[39m[37m█[39m[37m█[39m[37m█[39m[37m█[39m[37m█[39m[37m█[39m[37m█[39m[37m█[39m[37m█[39m[37m█[39m[37m█[39m[37m█[39m[37m█[39m[37m█[39m[37m█[39m building (27%) [90m0/1 entries 894/1000 dependencies 195/291 modules 0 active[39m 
 

[33m●[39m [33mServer[39m [33m█[39m[33m█[39m[33m█[39m[33m█[39m[33m█[39m[33m█[39m[33m█[39m[33m█[39m[37m█[39m[37m█[39m[37m█[39m[37m█[39m[37m█[39m[37m█[39m[37m█[39m[37m█[39m[37m█[39m[37m█[39m[37m█[39m[37m█[39m[37m█[39m[37m█[39m[37m█[39m[37m█[39m[37m█[39m building (31%) [90m0/1 entries 900/1029 dependencies 210/306 modules 0 active[39m 
 

[32m[1m[SUCCESS][22m[39m Generated static files in [36m[4m"build/pt"[24m[39m.
[36m[1m[INFO][22m[39m [34m[1m[fr][22m[39m Creating an optimized production build...
[2K[1A[2K[1A[2K[1A[2K[1A[2K[1A[2K[1A[2K[1A[2K[1A[2K[1A[2K[G
[32m●[39m [32mClient[39m [32m█[39m[32m█[39m[32m█[39m[32m█[39m[32m█[39m[32m█[39m[32m█[39m[37m█[39m[37m█[39m[37m█[39m[37m█[39m[37m█[39m[37m█[39m[37m█[39m[37m█[39m[37m█[39m[37m█[39m[37m█[39m[37m█[39m[37m█[39m[37m█[39m[37m█[39m[37m█[39m[37m█[39m[37m█[39m building (28%) [90m0/1 entries 971/1126 dependencies 207/318 modules 1 active[39m 
 [90mlocales|lazy|/^\.\/.*\.json$/|referencedExports: [["default"],[],["default"],[]]|groupOptions: {}|namespace object[39m

[33m●[39m [33mServer[39m [33m█[39m[33m█[39m[33m█[39m[33m█[39m[33m█[39m[33m█[39m[33m█[39m[33m█[39m[37m█[39m[37m█[39m[37m█[39m[37m█[39m[37m█[39m[37m█[39m[37m█[39m[37m█[39m[37m█[39m[37m█[39m[37m█[39m[37m█[39m[37m█[39m[37m█[39m[37m█[39m[37m█[39m[37m█[39m building (31%) [90m0/1 entries 900/1029 dependencies 210/306 modules 0 active[39m 
 

[32m[1m[SUCCESS][22m[39m Generated static files in [36m[4m"build/pt"[24m[39m.
[36m[1m[INFO][22m[39m [34m[1m[fr][22m[39m Creating an optimized production build...
[2K[1A[2K[1A[2K[1A[2K[1A[2K[1A[2K[1A[2K[1A[2K[1A[2K[1A[2K[G
[32m●[39m [32mClient[39m [32m█[39m[32m█[39m[32m█[39m[32m█[39m[32m█[39m[32m█[39m[32m█[39m[32m█[39m[32m█[39m[32m█[39m[37m█[39m[37m█[39m[37m█[39m[37m█[39m[37m█[39m[37m█[39m[37m█[39m[37m█[39m[37m█[39m[37m█[39m[37m█[39m[37m█[39m[37m█[39m[37m█[39m[37m█[39m building (39%) [90m0/1 entries 1252/1369 dependencies 329/420 modules 0 active[39m 
 

[33m●[39m [33mServer[39m [33m█[39m[33m█[39m[33m█[39m[33m█[39m[33m█[39m[33m█[39m[33m█[39m[33m█[39m[37m█[39m[37m█[39m[37m█[39m[37m█[39m[37m█[39m[37m█[39m[37m█[39m[37m█[39m[37m█[39m[37m█[39m[37m█[39m[37m█[39m[37m█[39m[37m█[39m[37m█[39m[37m█[39m[37m█[39m building (31%) [90m0/1 entries 900/1029 dependencies 210/306 modules 0 active[39m 
 

[32m[1m[SUCCESS][22m[39m Generated static files in [36m[4m"build/pt"[24m[39m.
[36m[1m[INFO][22m[39m [34m[1m[fr][22m[39m Creating an optimized production build...
[2K[1A[2K[1A[2K[1A[2K[1A[2K[1A[2K[1A[2K[1A[2K[1A[2K[1A[2K[G
[32m●[39m [32mClient[39m [32m█[39m[32m█[39m[32m█[39m[32m█[39m[32m█[39m[32m█[39m[32m█[39m[32m█[39m[32m█[39m[32m█[39m[37m█[39m[37m█[39m[37m█[39m[37m█[39m[37m█[39m[37m█[39m[37m█[39m[37m█[39m[37m█[39m[37m█[39m[37m█[39m[37m█[39m[37m█[39m[37m█[39m[37m█[39m building (39%) [90m0/1 entries 1252/1369 dependencies 329/420 modules 0 active[39m 
 

[33m●[39m [33mServer[39m [33m█[39m[33m█[39m[33m█[39m[33m█[39m[33m█[39m[33m█[39m[33m█[39m[33m█[39m[33m█[39m[33m█[39m[33m█[39m[33m█[39m[33m█[39m[33m█[39m[37m█[39m[37m█[39m[37m█[39m[37m█[39m[37m█[39m[37m█[39m[37m█[39m[37m█[39m[37m█[39m[37m█[39m[37m█[39m building (53%) [90m0/1 entries 1557/1600 dependencies 417/479 modules 0 active[39m 
 

[32m[1m[SUCCESS][22m[39m Generated static files in [36m[4m"build/pt"[24m[39m.
[36m[1m[INFO][22m[39m [34m[1m[fr][22m[39m Creating an optimized production build...
[2K[1A[2K[1A[2K[1A[2K[1A[2K[1A[2K[1A[2K[1A[2K[1A[2K[1A[2K[G
[32m●[39m [32mClient[39m [32m█[39m[32m█[39m[32m█[39m[32m█[39m[32m█[39m[32m█[39m[32m█[39m[32m█[39m[32m█[39m[32m█[39m[37m█[39m[37m█[39m[37m█[39m[37m█[39m[37m█[39m[37m█[39m[37m█[39m[37m█[39m[37m█[39m[37m█[39m[37m█[39m[37m█[39m[37m█[39m[37m█[39m[37m█[39m building (39%) [90m0/1 entries 1252/1369 dependencies 329/420 modules 0 active[39m 
 

[33m●[39m [33mServer[39m [33m█[39m[33m█[39m[33m█[39m[33m█[39m[33m█[39m[33m█[39m[33m█[39m[33m█[39m[33m█[39m[33m█[39m[33m█[39m[33m█[39m[33m█[39m[33m█[39m[33m█[39m[33m█[39m[33m█[39m[37m█[39m[37m█[39m[37m█[39m[37m█[39m[37m█[39m[37m█[39m[37m█[39m[37m█[39m building (65%) [90m1/1 entries 1779/1779 dependencies 528/528 modules 0 active[39m 
 

[32m[1m[SUCCESS][22m[39m Generated static files in [36m[4m"build/pt"[24m[39m.
[36m[1m[INFO][22m[39m [34m[1m[fr][22m[39m Creating an optimized production build...
[2K[1A[2K[1A[2K[1A[2K[1A[2K[1A[2K[1A[2K[1A[2K[1A[2K[1A[2K[G
[32m●[39m [32mClient[39m [32m█[39m[32m█[39m[32m█[39m[32m█[39m[32m█[39m[32m█[39m[32m█[39m[32m█[39m[32m█[39m[32m█[39m[37m█[39m[37m█[39m[37m█[39m[37m█[39m[37m█[39m[37m█[39m[37m█[39m[37m█[39m[37m█[39m[37m█[39m[37m█[39m[37m█[39m[37m█[39m[37m█[39m[37m█[39m building (39%) [90m0/1 entries 1252/1369 dependencies 329/420 modules 0 active[39m 
 

[33m●[39m [33mServer[39m [33m█[39m[33m█[39m[33m█[39m[33m█[39m[33m█[39m[33m█[39m[33m█[39m[33m█[39m[33m█[39m[33m█[39m[33m█[39m[33m█[39m[33m█[39m[33m█[39m[33m█[39m[33m█[39m[33m█[39m[33m█[39m[37m█[39m[37m█[39m[37m█[39m[37m█[39m[37m█[39m[37m█[39m[37m█[39m sealing (71%)  
 [90mdependencies optimization[39m

[32m[1m[SUCCESS][22m[39m Generated static files in [36m[4m"build/pt"[24m[39m.
[36m[1m[INFO][22m[39m [34m[1m[fr][22m[39m Creating an optimized production build...
[2K[1A[2K[1A[2K[1A[2K[1A[2K[1A[2K[1A[2K[1A[2K[1A[2K[1A[2K[G
[32m●[39m [32mClient[39m [32m█[39m[32m█[39m[32m█[39m[32m█[39m[32m█[39m[32m█[39m[32m█[39m[32m█[39m[32m█[39m[32m█[39m[37m█[39m[37m█[39m[37m█[39m[37m█[39m[37m█[39m[37m█[39m[37m█[39m[37m█[39m[37m█[39m[37m█[39m[37m█[39m[37m█[39m[37m█[39m[37m█[39m[37m█[39m building (39%) [90m0/1 entries 1252/1369 dependencies 329/420 modules 0 active[39m 
 

[33m●[39m [33mServer[39m [33m█[39m[33m█[39m[33m█[39m[33m█[39m[33m█[39m[33m█[39m[33m█[39m[33m█[39m[33m█[39m[33m█[39m[33m█[39m[33m█[39m[33m█[39m[33m█[39m[33m█[39m[33m█[39m[33m█[39m[33m█[39m[33m█[39m[33m█[39m[33m█[39m[33m█[39m[37m█[39m[37m█[39m[37m█[39m sealing (87%)  
 [90mmodule hashing[39m

[32m[1m[SUCCESS][22m[39m Generated static files in [36m[4m"build/pt"[24m[39m.
[36m[1m[INFO][22m[39m [34m[1m[fr][22m[39m Creating an optimized production build...
[2K[1A[2K[1A[2K[1A[2K[1A[2K[1A[2K[1A[2K[1A[2K[1A[2K[1A[2K[G
[32m●[39m [32mClient[39m [32m█[39m[32m█[39m[32m█[39m[32m█[39m[32m█[39m[32m█[39m[32m█[39m[32m█[39m[32m█[39m[32m█[39m[37m█[39m[37m█[39m[37m█[39m[37m█[39m[37m█[39m[37m█[39m[37m█[39m[37m█[39m[37m█[39m[37m█[39m[37m█[39m[37m█[39m[37m█[39m[37m█[39m[37m█[39m building (39%) [90m0/1 entries 1252/1369 dependencies 329/420 modules 0 active[39m 
 

[33m●[39m [33mServer[39m [33m█[39m[33m█[39m[33m█[39m[33m█[39m[33m█[39m[33m█[39m[33m█[39m[33m█[39m[33m█[39m[33m█[39m[33m█[39m[33m█[39m[33m█[39m[33m█[39m[33m█[39m[33m█[39m[33m█[39m[33m█[39m[33m█[39m[33m█[39m[33m█[39m[33m█[39m[33m█[39m[37m█[39m[37m█[39m sealing (92%)  
 [90masset processing[39m

[32m[1m[SUCCESS][22m[39m Generated static files in [36m[4m"build/pt"[24m[39m.
[36m[1m[INFO][22m[39m [34m[1m[fr][22m[39m Creating an optimized production build...
[2K[1A[2K[1A[2K[1A[2K[1A[2K[1A[2K[1A[2K[1A[2K[1A[2K[1A[2K[G
[32m●[39m [32mClient[39m [32m█[39m[32m█[39m[32m█[39m[32m█[39m[32m█[39m[32m█[39m[32m█[39m[32m█[39m[32m█[39m[32m█[39m[37m█[39m[37m█[39m[37m█[39m[37m█[39m[37m█[39m[37m█[39m[37m█[39m[37m█[39m[37m█[39m[37m█[39m[37m█[39m[37m█[39m[37m█[39m[37m█[39m[37m█[39m building (39%) [90m0/1 entries 1252/1369 dependencies 329/420 modules 0 active[39m 
 

[33m✔ Server[39m
[90m  Compiled successfully in 2.50s[39m

[32m[1m[SUCCESS][22m[39m Generated static files in [36m[4m"build/pt"[24m[39m.
[36m[1m[INFO][22m[39m [34m[1m[fr][22m[39m Creating an optimized production build...
[2K[1A[2K[1A[2K[1A[2K[1A[2K[1A[2K[1A[2K[1A[2K[1A[2K[1A[2K[G
[32m●[39m [32mClient[39m [32m█[39m[32m█[39m[32m█[39m[32m█[39m[32m█[39m[32m█[39m[32m█[39m[32m█[39m[32m█[39m[32m█[39m[32m█[39m[32m█[39m[32m█[39m[32m█[39m[32m█[39m[32m█[39m[32m█[39m[32m█[39m[37m█[39m[37m█[39m[37m█[39m[37m█[39m[37m█[39m[37m█[39m[37m█[39m sealing (70%) [90mfinish module graph[39m 
 [90mInnerGraphPlugin[39m

[33m✔ Server[39m
[90m  [39m

[32m[1m[SUCCESS][22m[39m Generated static files in [36m[4m"build/pt"[24m[39m.
[36m[1m[INFO][22m[39m [34m[1m[fr][22m[39m Creating an optimized production build...
[2K[1A[2K[1A[2K[1A[2K[1A[2K[1A[2K[1A[2K[1A[2K[1A[2K[1A[2K[G
[32m●[39m [32mClient[39m [32m█[39m[32m█[39m[32m█[39m[32m█[39m[32m█[39m[32m█[39m[32m█[39m[32m█[39m[32m█[39m[32m█[39m[32m█[39m[32m█[39m[32m█[39m[32m█[39m[32m█[39m[32m█[39m[32m█[39m[32m█[39m[37m█[39m[37m█[39m[37m█[39m[37m█[39m[37m█[39m[37m█[39m[37m█[39m sealing (71%)  
 [90mdependencies optimization[39m

[33m✔ Server[39m
[90m  [39m

[32m[1m[SUCCESS][22m[39m Generated static files in [36m[4m"build/pt"[24m[39m.
[36m[1m[INFO][22m[39m [34m[1m[fr][22m[39m Creating an optimized production build...
[2K[1A[2K[1A[2K[1A[2K[1A[2K[1A[2K[1A[2K[1A[2K[1A[2K[1A[2K[G
[32m●[39m [32mClient[39m [32m█[39m[32m█[39m[32m█[39m[32m█[39m[32m█[39m[32m█[39m[32m█[39m[32m█[39m[32m█[39m[32m█[39m[32m█[39m[32m█[39m[32m█[39m[32m█[39m[32m█[39m[32m█[39m[32m█[39m[32m█[39m[32m█[39m[37m█[39m[37m█[39m[37m█[39m[37m█[39m[37m█[39m[37m█[39m sealing (75%) [90mchunk optimization[39m 
 [90mRemoveEmptyChunksPlugin[39m

[33m✔ Server[39m
[90m  [39m

[32m[1m[SUCCESS][22m[39m Generated static files in [36m[4m"build/pt"[24m[39m.
[36m[1m[INFO][22m[39m [34m[1m[fr][22m[39m Creating an optimized production build...
[2K[1A[2K[1A[2K[1A[2K[1A[2K[1A[2K[1A[2K[1A[2K[1A[2K[1A[2K[G
[32m●[39m [32mClient[39m [32m█[39m[32m█[39m[32m█[39m[32m█[39m[32m█[39m[32m█[39m[32m█[39m[32m█[39m[32m█[39m[32m█[39m[32m█[39m[32m█[39m[32m█[39m[32m█[39m[32m█[39m[32m█[39m[32m█[39m[32m█[39m[32m█[39m[32m█[39m[37m█[39m[37m█[39m[37m█[39m[37m█[39m[37m█[39m sealing (78%)  
 [90mchunk modules optimization[39m

[33m✔ Server[39m
[90m  [39m

[32m[1m[SUCCESS][22m[39m Generated static files in [36m[4m"build/pt"[24m[39m.
[36m[1m[INFO][22m[39m [34m[1m[fr][22m[39m Creating an optimized production build...
[2K[1A[2K[1A[2K[1A[2K[1A[2K[1A[2K[1A[2K[1A[2K[1A[2K[1A[2K[G
[32m●[39m [32mClient[39m [32m█[39m[32m█[39m[32m█[39m[32m█[39m[32m█[39m[32m█[39m[32m█[39m[32m█[39m[32m█[39m[32m█[39m[32m█[39m[32m█[39m[32m█[39m[32m█[39m[32m█[39m[32m█[39m[32m█[39m[32m█[39m[32m█[39m[32m█[39m[32m█[39m[32m█[39m[37m█[39m[37m█[39m[37m█[39m sealing (87%)  
 [90mcode generation[39m

[33m✔ Server[39m
[90m  [39m

[32m[1m[SUCCESS][22m[39m Generated static files in [36m[4m"build/pt"[24m[39m.
[36m[1m[INFO][22m[39m [34m[1m[fr][22m[39m Creating an optimized production build...
[2K[1A[2K[1A[2K[1A[2K[1A[2K[1A[2K[1A[2K[1A[2K[1A[2K[1A[2K[G
[32m●[39m [32mClient[39m [32m█[39m[32m█[39m[32m█[39m[32m█[39m[32m█[39m[32m█[39m[32m█[39m[32m█[39m[32m█[39m[32m█[39m[32m█[39m[32m█[39m[32m█[39m[32m█[39m[32m█[39m[32m█[39m[32m█[39m[32m█[39m[32m█[39m[32m█[39m[32m█[39m[32m█[39m[32m█[39m[37m█[39m[37m█[39m sealing (92%)  
 [90masset processing[39m

[33m✔ Server[39m
[90m  [39m

[32m[1m[SUCCESS][22m[39m Generated static files in [36m[4m"build/pt"[24m[39m.
[36m[1m[INFO][22m[39m [34m[1m[fr][22m[39m Creating an optimized production build...
[2K[1A[2K[1A[2K[1A[2K[1A[2K[1A[2K[1A[2K[1A[2K[1A[2K[1A[2K[G
[32m●[39m [32mClient[39m [32m█[39m[32m█[39m[32m█[39m[32m█[39m[32m█[39m[32m█[39m[32m█[39m[32m█[39m[32m█[39m[32m█[39m[32m█[39m[32m█[39m[32m█[39m[32m█[39m[32m█[39m[32m█[39m[32m█[39m[32m█[39m[32m█[39m[32m█[39m[32m█[39m[32m█[39m[32m█[39m[32m█[39m[32m█[39m emitting (98%)  
 [90mafter emit[39m

[33m✔ Server[39m
[90m  [39m

[32m[1m[SUCCESS][22m[39m Generated static files in [36m[4m"build/pt"[24m[39m.
[36m[1m[INFO][22m[39m [34m[1m[fr][22m[39m Creating an optimized production build...
[2K[1A[2K[1A[2K[1A[2K[1A[2K[1A[2K[1A[2K[1A[2K[1A[2K[1A[2K[G
[32m✔ Client[39m
[90m  Compiled successfully in 2.94s[39m

[33m✔ Server[39m
[90m  [39m

[32m[1m[SUCCESS][22m[39m Generated static files in [36m[4m"build/pt"[24m[39m.
[36m[1m[INFO][22m[39m [34m[1m[fr][22m[39m Creating an optimized production build...
[33m[1m[WARNING][22m {"moduleIdentifier":"/home/ed/Documents/LSTS/human-0.com/node_modules/.pnpm/babel-loader@9.2.1_@babel+core@7.28.5_webpack@5.103.0/node_modules/babel-loader/lib/index.js??ruleSet[1].rules[5].use[0]!/home/ed/Documents/LSTS/human-0.com/apps/docs/src/components/Translate/index.tsx","moduleName":"./src/components/Translate/index.tsx","loc":"5:108-118","message":"Critical dependency: the request of a dependency is an expression","compilerPath":"server"}[39m

[32m●[39m [32mClient[39m [32m█[39m[32m█[39m[32m█[39m[32m█[39m[32m█[39m[32m█[39m[32m█[39m[32m█[39m[32m█[39m[32m█[39m[32m█[39m[32m█[39m[32m█[39m[32m█[39m[32m█[39m[32m█[39m[32m█[39m[32m█[39m[32m█[39m[32m█[39m[32m█[39m[32m█[39m[32m█[39m[32m█[39m[32m█[39m cache (99%) [90mshutdown[39m [90mIdleFileCachePlugin[39m
 [90mserialize pack[39m

[33m●[39m [33mServer[39m [33m█[39m[33m█[39m[33m█[39m[33m█[39m[33m█[39m[33m█[39m[33m█[39m[33m█[39m[33m█[39m[33m█[39m[33m█[39m[33m█[39m[33m█[39m[33m█[39m[33m█[39m[33m█[39m[33m█[39m[33m█[39m[33m█[39m[33m█[39m[33m█[39m[33m█[39m[33m█[39m[33m█[39m[33m█[39m cache (99%) [90mshutdown[39m [90mIdleFileCachePlugin[39m
 [90mstored[39m

[2K[1A[2K[1A[2K[1A[2K[1A[2K[1A[2K[1A[2K[1A[2K[G
[32m●[39m [32mClient[39m [32m█[39m[32m█[39m[32m█[39m[32m█[39m[32m█[39m[32m█[39m[32m█[39m[32m█[39m[32m█[39m[32m█[39m[32m█[39m[32m█[39m[32m█[39m[32m█[39m[32m█[39m[32m█[39m[32m█[39m[32m█[39m[32m█[39m[32m█[39m[32m█[39m[32m█[39m[32m█[39m[32m█[39m[32m█[39m cache (99%) [90mshutdown[39m [90mIdleFileCachePlugin[39m
 [90mstored[39m

[33m✔ Server[39m
[90m  [39m

[32m[1m[SUCCESS][22m[39m Generated static files in [36m[4m"build/fr"[24m[39m.
[36m[1m[INFO][22m[39m [34m[1m[ar][22m[39m Creating an optimized production build...
[2K[1A[2K[1A[2K[1A[2K[1A[2K[1A[2K[1A[2K[1A[2K[1A[2K[1A[2K[G
[32m●[39m [32mClient[39m [37m█[39m[37m█[39m[37m█[39m[37m█[39m[37m█[39m[37m█[39m[37m█[39m[37m█[39m[37m█[39m[37m█[39m[37m█[39m[37m█[39m[37m█[39m[37m█[39m[37m█[39m[37m█[39m[37m█[39m[37m█[39m[37m█[39m[37m█[39m[37m█[39m[37m█[39m[37m█[39m[37m█[39m[37m█[39m  (0%)  
 

[33m✔ Server[39m
[90m  [39m

[32m[1m[SUCCESS][22m[39m Generated static files in [36m[4m"build/fr"[24m[39m.
[36m[1m[INFO][22m[39m [34m[1m[ar][22m[39m Creating an optimized production build...
[2K[1A[2K[1A[2K[1A[2K[1A[2K[1A[2K[1A[2K[1A[2K[1A[2K[1A[2K[G
[32m●[39m [32mClient[39m [32m█[39m[32m█[39m[32m█[39m[37m█[39m[37m█[39m[37m█[39m[37m█[39m[37m█[39m[37m█[39m[37m█[39m[37m█[39m[37m█[39m[37m█[39m[37m█[39m[37m█[39m[37m█[39m[37m█[39m[37m█[39m[37m█[39m[37m█[39m[37m█[39m[37m█[39m[37m█[39m[37m█[39m[37m█[39m building (10%) [90m0/1 entries 0/0 dependencies 0/0 modules 0 active[39m 
 

[33m●[39m [33mServer[39m [33m█[39m[33m█[39m[33m█[39m[37m█[39m[37m█[39m[37m█[39m[37m█[39m[37m█[39m[37m█[39m[37m█[39m[37m█[39m[37m█[39m[37m█[39m[37m█[39m[37m█[39m[37m█[39m[37m█[39m[37m█[39m[37m█[39m[37m█[39m[37m█[39m[37m█[39m[37m█[39m[37m█[39m[37m█[39m building (10%) [90m0/1 entries 1/1 dependencies 0/0 modules 0 active[39m 
 

[32m[1m[SUCCESS][22m[39m Generated static files in [36m[4m"build/fr"[24m[39m.
[36m[1m[INFO][22m[39m [34m[1m[ar][22m[39m Creating an optimized production build...
[2K[1A[2K[1A[2K[1A[2K[1A[2K[1A[2K[1A[2K[1A[2K[1A[2K[1A[2K[G
[32m●[39m [32mClient[39m [32m█[39m[32m█[39m[32m█[39m[37m█[39m[37m█[39m[37m█[39m[37m█[39m[37m█[39m[37m█[39m[37m█[39m[37m█[39m[37m█[39m[37m█[39m[37m█[39m[37m█[39m[37m█[39m[37m█[39m[37m█[39m[37m█[39m[37m█[39m[37m█[39m[37m█[39m[37m█[39m[37m█[39m[37m█[39m building (10%) [90m0/1 entries 1/1 dependencies 0/0 modules 0 active[39m 
 

[33m●[39m [33mServer[39m [33m█[39m[33m█[39m[33m█[39m[37m█[39m[37m█[39m[37m█[39m[37m█[39m[37m█[39m[37m█[39m[37m█[39m[37m█[39m[37m█[39m[37m█[39m[37m█[39m[37m█[39m[37m█[39m[37m█[39m[37m█[39m[37m█[39m[37m█[39m[37m█[39m[37m█[39m[37m█[39m[37m█[39m[37m█[39m building (10%) [90m0/1 entries 1/1 dependencies 0/0 modules 0 active[39m 
 

[32m[1m[SUCCESS][22m[39m Generated static files in [36m[4m"build/fr"[24m[39m.
[36m[1m[INFO][22m[39m [34m[1m[ar][22m[39m Creating an optimized production build...
[2K[1A[2K[1A[2K[1A[2K[1A[2K[1A[2K[1A[2K[1A[2K[1A[2K[1A[2K[G
[32m●[39m [32mClient[39m [32m█[39m[32m█[39m[32m█[39m[37m█[39m[37m█[39m[37m█[39m[37m█[39m[37m█[39m[37m█[39m[37m█[39m[37m█[39m[37m█[39m[37m█[39m[37m█[39m[37m█[39m[37m█[39m[37m█[39m[37m█[39m[37m█[39m[37m█[39m[37m█[39m[37m█[39m[37m█[39m[37m█[39m[37m█[39m building (10%) [90m0/1 entries 1/1 dependencies 0/0 modules 0 active[39m 
 

[33m●[39m [33mServer[39m [33m█[39m[33m█[39m[33m█[39m[37m█[39m[37m█[39m[37m█[39m[37m█[39m[37m█[39m[37m█[39m[37m█[39m[37m█[39m[37m█[39m[37m█[39m[37m█[39m[37m█[39m[37m█[39m[37m█[39m[37m█[39m[37m█[39m[37m█[39m[37m█[39m[37m█[39m[37m█[39m[37m█[39m[37m█[39m building (10%) [90m0/1 entries 30/72 dependencies 5/22 modules 0 active[39m 
 

[32m[1m[SUCCESS][22m[39m Generated static files in [36m[4m"build/fr"[24m[39m.
[36m[1m[INFO][22m[39m [34m[1m[ar][22m[39m Creating an optimized production build...
[2K[1A[2K[1A[2K[1A[2K[1A[2K[1A[2K[1A[2K[1A[2K[1A[2K[1A[2K[G
[32m●[39m [32mClient[39m [32m█[39m[32m█[39m[32m█[39m[32m█[39m[37m█[39m[37m█[39m[37m█[39m[37m█[39m[37m█[39m[37m█[39m[37m█[39m[37m█[39m[37m█[39m[37m█[39m[37m█[39m[37m█[39m[37m█[39m[37m█[39m[37m█[39m[37m█[39m[37m█[39m[37m█[39m[37m█[39m[37m█[39m[37m█[39m building (15%) [90m0/1 entries 200/265 dependencies 58/91 modules 0 active[39m 
 

[33m●[39m [33mServer[39m [33m█[39m[33m█[39m[33m█[39m[37m█[39m[37m█[39m[37m█[39m[37m█[39m[37m█[39m[37m█[39m[37m█[39m[37m█[39m[37m█[39m[37m█[39m[37m█[39m[37m█[39m[37m█[39m[37m█[39m[37m█[39m[37m█[39m[37m█[39m[37m█[39m[37m█[39m[37m█[39m[37m█[39m[37m█[39m building (10%) [90m0/1 entries 30/72 dependencies 5/22 modules 0 active[39m 
 

[32m[1m[SUCCESS][22m[39m Generated static files in [36m[4m"build/fr"[24m[39m.
[36m[1m[INFO][22m[39m [34m[1m[ar][22m[39m Creating an optimized production build...
[2K[1A[2K[1A[2K[1A[2K[1A[2K[1A[2K[1A[2K[1A[2K[1A[2K[1A[2K[G
[32m●[39m [32mClient[39m [32m█[39m[32m█[39m[32m█[39m[32m█[39m[37m█[39m[37m█[39m[37m█[39m[37m█[39m[37m█[39m[37m█[39m[37m█[39m[37m█[39m[37m█[39m[37m█[39m[37m█[39m[37m█[39m[37m█[39m[37m█[39m[37m█[39m[37m█[39m[37m█[39m[37m█[39m[37m█[39m[37m█[39m[37m█[39m building (15%) [90m0/1 entries 200/265 dependencies 58/91 modules 0 active[39m 
 

[33m●[39m [33mServer[39m [33m█[39m[33m█[39m[33m█[39m[33m█[39m[33m█[39m[33m█[39m[33m█[39m[37m█[39m[37m█[39m[37m█[39m[37m█[39m[37m█[39m[37m█[39m[37m█[39m[37m█[39m[37m█[39m[37m█[39m[37m█[39m[37m█[39m[37m█[39m[37m█[39m[37m█[39m[37m█[39m[37m█[39m[37m█[39m building (28%) [90m0/1 entries 721/800 dependencies 178/271 modules 0 active[39m 
 

[32m[1m[SUCCESS][22m[39m Generated static files in [36m[4m"build/fr"[24m[39m.
[36m[1m[INFO][22m[39m [34m[1m[ar][22m[39m Creating an optimized production build...
[2K[1A[2K[1A[2K[1A[2K[1A[2K[1A[2K[1A[2K[1A[2K[1A[2K[1A[2K[G
[32m●[39m [32mClient[39m [32m█[39m[32m█[39m[32m█[39m[32m█[39m[32m█[39m[32m█[39m[32m█[39m[32m█[39m[37m█[39m[37m█[39m[37m█[39m[37m█[39m[37m█[39m[37m█[39m[37m█[39m[37m█[39m[37m█[39m[37m█[39m[37m█[39m[37m█[39m[37m█[39m[37m█[39m[37m█[39m[37m█[39m[37m█[39m building (29%) [90m0/1 entries 1007/1161 dependencies 218/337 modules 1 active[39m 
 [90mlocales|lazy|/^\.\/.*\.json$/|referencedExports: [["default"],[],["default"],[]]|groupOptions: {}|namespace object[39m

[33m●[39m [33mServer[39m [33m█[39m[33m█[39m[33m█[39m[33m█[39m[33m█[39m[33m█[39m[33m█[39m[37m█[39m[37m█[39m[37m█[39m[37m█[39m[37m█[39m[37m█[39m[37m█[39m[37m█[39m[37m█[39m[37m█[39m[37m█[39m[37m█[39m[37m█[39m[37m█[39m[37m█[39m[37m█[39m[37m█[39m[37m█[39m building (28%) [90m0/1 entries 721/800 dependencies 178/271 modules 0 active[39m 
 

[32m[1m[SUCCESS][22m[39m Generated static files in [36m[4m"build/fr"[24m[39m.
[36m[1m[INFO][22m[39m [34m[1m[ar][22m[39m Creating an optimized production build...
[2K[1A[2K[1A[2K[1A[2K[1A[2K[1A[2K[1A[2K[1A[2K[1A[2K[1A[2K[G
[32m●[39m [32mClient[39m [32m█[39m[32m█[39m[32m█[39m[32m█[39m[32m█[39m[32m█[39m[32m█[39m[32m█[39m[32m█[39m[32m█[39m[32m█[39m[37m█[39m[37m█[39m[37m█[39m[37m█[39m[37m█[39m[37m█[39m[37m█[39m[37m█[39m[37m█[39m[37m█[39m[37m█[39m[37m█[39m[37m█[39m[37m█[39m building (42%) [90m0/1 entries 1355/1441 dependencies 354/453 modules 0 active[39m 
 

[33m●[39m [33mServer[39m [33m█[39m[33m█[39m[33m█[39m[33m█[39m[33m█[39m[33m█[39m[33m█[39m[37m█[39m[37m█[39m[37m█[39m[37m█[39m[37m█[39m[37m█[39m[37m█[39m[37m█[39m[37m█[39m[37m█[39m[37m█[39m[37m█[39m[37m█[39m[37m█[39m[37m█[39m[37m█[39m[37m█[39m[37m█[39m building (28%) [90m0/1 entries 721/800 dependencies 178/271 modules 0 active[39m 
 

[32m[1m[SUCCESS][22m[39m Generated static files in [36m[4m"build/fr"[24m[39m.
[36m[1m[INFO][22m[39m [34m[1m[ar][22m[39m Creating an optimized production build...
[2K[1A[2K[1A[2K[1A[2K[1A[2K[1A[2K[1A[2K[1A[2K[1A[2K[1A[2K[G
[32m●[39m [32mClient[39m [32m█[39m[32m█[39m[32m█[39m[32m█[39m[32m█[39m[32m█[39m[32m█[39m[32m█[39m[32m█[39m[32m█[39m[32m█[39m[37m█[39m[37m█[39m[37m█[39m[37m█[39m[37m█[39m[37m█[39m[37m█[39m[37m█[39m[37m█[39m[37m█[39m[37m█[39m[37m█[39m[37m█[39m[37m█[39m building (42%) [90m0/1 entries 1355/1441 dependencies 354/453 modules 0 active[39m 
 

[33m●[39m [33mServer[39m [33m█[39m[33m█[39m[33m█[39m[33m█[39m[33m█[39m[33m█[39m[33m█[39m[33m█[39m[33m█[39m[33m█[39m[33m█[39m[33m█[39m[33m█[39m[33m█[39m[37m█[39m[37m█[39m[37m█[39m[37m█[39m[37m█[39m[37m█[39m[37m█[39m[37m█[39m[37m█[39m[37m█[39m[37m█[39m building (54%) [90m0/1 entries 1600/1634 dependencies 424/491 modules 0 active[39m 
 

[32m[1m[SUCCESS][22m[39m Generated static files in [36m[4m"build/fr"[24m[39m.
[36m[1m[INFO][22m[39m [34m[1m[ar][22m[39m Creating an optimized production build...
[2K[1A[2K[1A[2K[1A[2K[1A[2K[1A[2K[1A[2K[1A[2K[1A[2K[1A[2K[G
[32m●[39m [32mClient[39m [32m█[39m[32m█[39m[32m█[39m[32m█[39m[32m█[39m[32m█[39m[32m█[39m[32m█[39m[32m█[39m[32m█[39m[32m█[39m[37m█[39m[37m█[39m[37m█[39m[37m█[39m[37m█[39m[37m█[39m[37m█[39m[37m█[39m[37m█[39m[37m█[39m[37m█[39m[37m█[39m[37m█[39m[37m█[39m building (42%) [90m0/1 entries 1355/1441 dependencies 354/453 modules 0 active[39m 
 

[33m●[39m [33mServer[39m [33m█[39m[33m█[39m[33m█[39m[33m█[39m[33m█[39m[33m█[39m[33m█[39m[33m█[39m[33m█[39m[33m█[39m[33m█[39m[33m█[39m[33m█[39m[33m█[39m[33m█[39m[33m█[39m[33m█[39m[37m█[39m[37m█[39m[37m█[39m[37m█[39m[37m█[39m[37m█[39m[37m█[39m[37m█[39m building (65%) [90m1/1 entries 1779/1779 dependencies 528/528 modules 0 active[39m 
 

[32m[1m[SUCCESS][22m[39m Generated static files in [36m[4m"build/fr"[24m[39m.
[36m[1m[INFO][22m[39m [34m[1m[ar][22m[39m Creating an optimized production build...
[2K[1A[2K[1A[2K[1A[2K[1A[2K[1A[2K[1A[2K[1A[2K[1A[2K[1A[2K[G
[32m●[39m [32mClient[39m [32m█[39m[32m█[39m[32m█[39m[32m█[39m[32m█[39m[32m█[39m[32m█[39m[32m█[39m[32m█[39m[32m█[39m[32m█[39m[37m█[39m[37m█[39m[37m█[39m[37m█[39m[37m█[39m[37m█[39m[37m█[39m[37m█[39m[37m█[39m[37m█[39m[37m█[39m[37m█[39m[37m█[39m[37m█[39m building (42%) [90m0/1 entries 1355/1441 dependencies 354/453 modules 0 active[39m 
 

[33m●[39m [33mServer[39m [33m█[39m[33m█[39m[33m█[39m[33m█[39m[33m█[39m[33m█[39m[33m█[39m[33m█[39m[33m█[39m[33m█[39m[33m█[39m[33m█[39m[33m█[39m[33m█[39m[33m█[39m[33m█[39m[33m█[39m[33m█[39m[37m█[39m[37m█[39m[37m█[39m[37m█[39m[37m█[39m[37m█[39m[37m█[39m sealing (71%)  
 [90mdependencies optimization[39m

[32m[1m[SUCCESS][22m[39m Generated static files in [36m[4m"build/fr"[24m[39m.
[36m[1m[INFO][22m[39m [34m[1m[ar][22m[39m Creating an optimized production build...
[2K[1A[2K[1A[2K[1A[2K[1A[2K[1A[2K[1A[2K[1A[2K[1A[2K[1A[2K[G
[32m●[39m [32mClient[39m [32m█[39m[32m█[39m[32m█[39m[32m█[39m[32m█[39m[32m█[39m[32m█[39m[32m█[39m[32m█[39m[32m█[39m[32m█[39m[37m█[39m[37m█[39m[37m█[39m[37m█[39m[37m█[39m[37m█[39m[37m█[39m[37m█[39m[37m█[39m[37m█[39m[37m█[39m[37m█[39m[37m█[39m[37m█[39m building (42%) [90m0/1 entries 1355/1441 dependencies 354/453 modules 0 active[39m 
 

[33m●[39m [33mServer[39m [33m█[39m[33m█[39m[33m█[39m[33m█[39m[33m█[39m[33m█[39m[33m█[39m[33m█[39m[33m█[39m[33m█[39m[33m█[39m[33m█[39m[33m█[39m[33m█[39m[33m█[39m[33m█[39m[33m█[39m[33m█[39m[33m█[39m[33m█[39m[33m█[39m[33m█[39m[37m█[39m[37m█[39m[37m█[39m sealing (87%)  
 [90mcode generation[39m

[32m[1m[SUCCESS][22m[39m Generated static files in [36m[4m"build/fr"[24m[39m.
[36m[1m[INFO][22m[39m [34m[1m[ar][22m[39m Creating an optimized production build...
[2K[1A[2K[1A[2K[1A[2K[1A[2K[1A[2K[1A[2K[1A[2K[1A[2K[1A[2K[G
[32m●[39m [32mClient[39m [32m█[39m[32m█[39m[32m█[39m[32m█[39m[32m█[39m[32m█[39m[32m█[39m[32m█[39m[32m█[39m[32m█[39m[32m█[39m[37m█[39m[37m█[39m[37m█[39m[37m█[39m[37m█[39m[37m█[39m[37m█[39m[37m█[39m[37m█[39m[37m█[39m[37m█[39m[37m█[39m[37m█[39m[37m█[39m building (42%) [90m0/1 entries 1355/1441 dependencies 354/453 modules 0 active[39m 
 

[33m✔ Server[39m
[90m  Compiled successfully in 2.40s[39m

[32m[1m[SUCCESS][22m[39m Generated static files in [36m[4m"build/fr"[24m[39m.
[36m[1m[INFO][22m[39m [34m[1m[ar][22m[39m Creating an optimized production build...
[2K[1A[2K[1A[2K[1A[2K[1A[2K[1A[2K[1A[2K[1A[2K[1A[2K[1A[2K[G
[32m●[39m [32mClient[39m [32m█[39m[32m█[39m[32m█[39m[32m█[39m[32m█[39m[32m█[39m[32m█[39m[32m█[39m[32m█[39m[32m█[39m[32m█[39m[32m█[39m[32m█[39m[32m█[39m[32m█[39m[32m█[39m[32m█[39m[32m█[39m[37m█[39m[37m█[39m[37m█[39m[37m█[39m[37m█[39m[37m█[39m[37m█[39m sealing (71%) [90mdependencies optimization[39m 
 [90mFlagDependencyUsagePlugin[39m

[33m✔ Server[39m
[90m  [39m

[32m[1m[SUCCESS][22m[39m Generated static files in [36m[4m"build/fr"[24m[39m.
[36m[1m[INFO][22m[39m [34m[1m[ar][22m[39m Creating an optimized production build...
[2K[1A[2K[1A[2K[1A[2K[1A[2K[1A[2K[1A[2K[1A[2K[1A[2K[1A[2K[G
[32m●[39m [32mClient[39m [32m█[39m[32m█[39m[32m█[39m[32m█[39m[32m█[39m[32m█[39m[32m█[39m[32m█[39m[32m█[39m[32m█[39m[32m█[39m[32m█[39m[32m█[39m[32m█[39m[32m█[39m[32m█[39m[32m█[39m[32m█[39m[32m█[39m[37m█[39m[37m█[39m[37m█[39m[37m█[39m[37m█[39m[37m█[39m sealing (75%) [90mchunk optimization[39m 
 [90mRemoveEmptyChunksPlugin[39m

[33m✔ Server[39m
[90m  [39m

[32m[1m[SUCCESS][22m[39m Generated static files in [36m[4m"build/fr"[24m[39m.
[36m[1m[INFO][22m[39m [34m[1m[ar][22m[39m Creating an optimized production build...
[2K[1A[2K[1A[2K[1A[2K[1A[2K[1A[2K[1A[2K[1A[2K[1A[2K[1A[2K[G
[32m●[39m [32mClient[39m [32m█[39m[32m█[39m[32m█[39m[32m█[39m[32m█[39m[32m█[39m[32m█[39m[32m█[39m[32m█[39m[32m█[39m[32m█[39m[32m█[39m[32m█[39m[32m█[39m[32m█[39m[32m█[39m[32m█[39m[32m█[39m[32m█[39m[32m█[39m[37m█[39m[37m█[39m[37m█[39m[37m█[39m[37m█[39m sealing (78%)  
 [90mchunk modules optimization[39m

[33m✔ Server[39m
[90m  [39m

[32m[1m[SUCCESS][22m[39m Generated static files in [36m[4m"build/fr"[24m[39m.
[36m[1m[INFO][22m[39m [34m[1m[ar][22m[39m Creating an optimized production build...
[2K[1A[2K[1A[2K[1A[2K[1A[2K[1A[2K[1A[2K[1A[2K[1A[2K[1A[2K[G
[32m●[39m [32mClient[39m [32m█[39m[32m█[39m[32m█[39m[32m█[39m[32m█[39m[32m█[39m[32m█[39m[32m█[39m[32m█[39m[32m█[39m[32m█[39m[32m█[39m[32m█[39m[32m█[39m[32m█[39m[32m█[39m[32m█[39m[32m█[39m[32m█[39m[32m█[39m[32m█[39m[32m█[39m[32m█[39m[37m█[39m[37m█[39m sealing (89%)  
 [90mafter hashing[39m

[33m✔ Server[39m
[90m  [39m

[32m[1m[SUCCESS][22m[39m Generated static files in [36m[4m"build/fr"[24m[39m.
[36m[1m[INFO][22m[39m [34m[1m[ar][22m[39m Creating an optimized production build...
[2K[1A[2K[1A[2K[1A[2K[1A[2K[1A[2K[1A[2K[1A[2K[1A[2K[1A[2K[G
[32m●[39m [32mClient[39m [32m█[39m[32m█[39m[32m█[39m[32m█[39m[32m█[39m[32m█[39m[32m█[39m[32m█[39m[32m█[39m[32m█[39m[32m█[39m[32m█[39m[32m█[39m[32m█[39m[32m█[39m[32m█[39m[32m█[39m[32m█[39m[32m█[39m[32m█[39m[32m█[39m[32m█[39m[32m█[39m[32m█[39m[32m█[39m emitting (98%)  
 [90mafter emit[39m

[33m✔ Server[39m
[90m  [39m

[32m[1m[SUCCESS][22m[39m Generated static files in [36m[4m"build/fr"[24m[39m.
[36m[1m[INFO][22m[39m [34m[1m[ar][22m[39m Creating an optimized production build...
[2K[1A[2K[1A[2K[1A[2K[1A[2K[1A[2K[1A[2K[1A[2K[1A[2K[1A[2K[G
[32m✔ Client[39m
[90m  Compiled successfully in 2.71s[39m

[33m✔ Server[39m
[90m  [39m

[32m[1m[SUCCESS][22m[39m Generated static files in [36m[4m"build/fr"[24m[39m.
[36m[1m[INFO][22m[39m [34m[1m[ar][22m[39m Creating an optimized production build...
[33m[1m[WARNING][22m {"moduleIdentifier":"/home/ed/Documents/LSTS/human-0.com/node_modules/.pnpm/babel-loader@9.2.1_@babel+core@7.28.5_webpack@5.103.0/node_modules/babel-loader/lib/index.js??ruleSet[1].rules[5].use[0]!/home/ed/Documents/LSTS/human-0.com/apps/docs/src/components/Translate/index.tsx","moduleName":"./src/components/Translate/index.tsx","loc":"5:108-118","message":"Critical dependency: the request of a dependency is an expression","compilerPath":"server"}[39m

[32m●[39m [32mClient[39m [32m█[39m[32m█[39m[32m█[39m[32m█[39m[32m█[39m[32m█[39m[32m█[39m[32m█[39m[32m█[39m[32m█[39m[32m█[39m[32m█[39m[32m█[39m[32m█[39m[32m█[39m[32m█[39m[32m█[39m[32m█[39m[32m█[39m[32m█[39m[32m█[39m[32m█[39m[32m█[39m[32m█[39m[32m█[39m cache (99%) [90mshutdown[39m [90mIdleFileCachePlugin[39m
 [90mserialize pack[39m

[33m●[39m [33mServer[39m [33m█[39m[33m█[39m[33m█[39m[33m█[39m[33m█[39m[33m█[39m[33m█[39m[33m█[39m[33m█[39m[33m█[39m[33m█[39m[33m█[39m[33m█[39m[33m█[39m[33m█[39m[33m█[39m[33m█[39m[33m█[39m[33m█[39m[33m█[39m[33m█[39m[33m█[39m[33m█[39m[33m█[39m[33m█[39m cache (99%) [90mshutdown[39m [90mIdleFileCachePlugin[39m
 [90mstored[39m

[2K[1A[2K[1A[2K[1A[2K[1A[2K[1A[2K[1A[2K[1A[2K[G
[32m●[39m [32mClient[39m [32m█[39m[32m█[39m[32m█[39m[32m█[39m[32m█[39m[32m█[39m[32m█[39m[32m█[39m[32m█[39m[32m█[39m[32m█[39m[32m█[39m[32m█[39m[32m█[39m[32m█[39m[32m█[39m[32m█[39m[32m█[39m[32m█[39m[32m█[39m[32m█[39m[32m█[39m[32m█[39m[32m█[39m[32m█[39m cache (99%) [90mshutdown[39m [90mIdleFileCachePlugin[39m
 [90mstored[39m

[33m✔ Server[39m
[90m  [39m

[32m[1m[SUCCESS][22m[39m Generated static files in [36m[4m"build/ar"[24m[39m.
[36m[1m[INFO][22m[39m [34m[1m[zh][22m[39m Creating an optimized production build...
[2K[1A[2K[1A[2K[1A[2K[1A[2K[1A[2K[1A[2K[1A[2K[1A[2K[1A[2K[G
[32m●[39m [32mClient[39m [37m█[39m[37m█[39m[37m█[39m[37m█[39m[37m█[39m[37m█[39m[37m█[39m[37m█[39m[37m█[39m[37m█[39m[37m█[39m[37m█[39m[37m█[39m[37m█[39m[37m█[39m[37m█[39m[37m█[39m[37m█[39m[37m█[39m[37m█[39m[37m█[39m[37m█[39m[37m█[39m[37m█[39m[37m█[39m  (0%)  
 

[33m✔ Server[39m
[90m  [39m

[32m[1m[SUCCESS][22m[39m Generated static files in [36m[4m"build/ar"[24m[39m.
[36m[1m[INFO][22m[39m [34m[1m[zh][22m[39m Creating an optimized production build...
[2K[1A[2K[1A[2K[1A[2K[1A[2K[1A[2K[1A[2K[1A[2K[1A[2K[1A[2K[G
[32m●[39m [32mClient[39m [32m█[39m[32m█[39m[32m█[39m[37m█[39m[37m█[39m[37m█[39m[37m█[39m[37m█[39m[37m█[39m[37m█[39m[37m█[39m[37m█[39m[37m█[39m[37m█[39m[37m█[39m[37m█[39m[37m█[39m[37m█[39m[37m█[39m[37m█[39m[37m█[39m[37m█[39m[37m█[39m[37m█[39m[37m█[39m building (10%) [90m0/1 entries 0/0 dependencies 0/0 modules 0 active[39m 
 

[33m●[39m [33mServer[39m [33m█[39m[33m█[39m[33m█[39m[37m█[39m[37m█[39m[37m█[39m[37m█[39m[37m█[39m[37m█[39m[37m█[39m[37m█[39m[37m█[39m[37m█[39m[37m█[39m[37m█[39m[37m█[39m[37m█[39m[37m█[39m[37m█[39m[37m█[39m[37m█[39m[37m█[39m[37m█[39m[37m█[39m[37m█[39m building (10%) [90m0/1 entries 1/1 dependencies 0/0 modules 0 active[39m 
 

[32m[1m[SUCCESS][22m[39m Generated static files in [36m[4m"build/ar"[24m[39m.
[36m[1m[INFO][22m[39m [34m[1m[zh][22m[39m Creating an optimized production build...
[2K[1A[2K[1A[2K[1A[2K[1A[2K[1A[2K[1A[2K[1A[2K[1A[2K[1A[2K[G
[32m●[39m [32mClient[39m [32m█[39m[32m█[39m[32m█[39m[37m█[39m[37m█[39m[37m█[39m[37m█[39m[37m█[39m[37m█[39m[37m█[39m[37m█[39m[37m█[39m[37m█[39m[37m█[39m[37m█[39m[37m█[39m[37m█[39m[37m█[39m[37m█[39m[37m█[39m[37m█[39m[37m█[39m[37m█[39m[37m█[39m[37m█[39m building (10%) [90m0/1 entries 1/1 dependencies 0/0 modules 0 active[39m 
 

[33m●[39m [33mServer[39m [33m█[39m[33m█[39m[33m█[39m[37m█[39m[37m█[39m[37m█[39m[37m█[39m[37m█[39m[37m█[39m[37m█[39m[37m█[39m[37m█[39m[37m█[39m[37m█[39m[37m█[39m[37m█[39m[37m█[39m[37m█[39m[37m█[39m[37m█[39m[37m█[39m[37m█[39m[37m█[39m[37m█[39m[37m█[39m building (10%) [90m0/1 entries 1/1 dependencies 0/0 modules 0 active[39m 
 

[32m[1m[SUCCESS][22m[39m Generated static files in [36m[4m"build/ar"[24m[39m.
[36m[1m[INFO][22m[39m [34m[1m[zh][22m[39m Creating an optimized production build...
[2K[1A[2K[1A[2K[1A[2K[1A[2K[1A[2K[1A[2K[1A[2K[1A[2K[1A[2K[G
[32m●[39m [32mClient[39m [32m█[39m[32m█[39m[32m█[39m[37m█[39m[37m█[39m[37m█[39m[37m█[39m[37m█[39m[37m█[39m[37m█[39m[37m█[39m[37m█[39m[37m█[39m[37m█[39m[37m█[39m[37m█[39m[37m█[39m[37m█[39m[37m█[39m[37m█[39m[37m█[39m[37m█[39m[37m█[39m[37m█[39m[37m█[39m building (10%) [90m0/1 entries 1/1 dependencies 0/0 modules 0 active[39m 
 

[33m●[39m [33mServer[39m [33m█[39m[33m█[39m[33m█[39m[33m█[39m[33m█[39m[37m█[39m[37m█[39m[37m█[39m[37m█[39m[37m█[39m[37m█[39m[37m█[39m[37m█[39m[37m█[39m[37m█[39m[37m█[39m[37m█[39m[37m█[39m[37m█[39m[37m█[39m[37m█[39m[37m█[39m[37m█[39m[37m█[39m[37m█[39m building (18%) [90m0/1 entries 300/449 dependencies 80/153 modules 0 active[39m 
 

[32m[1m[SUCCESS][22m[39m Generated static files in [36m[4m"build/ar"[24m[39m.
[36m[1m[INFO][22m[39m [34m[1m[zh][22m[39m Creating an optimized production build...
[2K[1A[2K[1A[2K[1A[2K[1A[2K[1A[2K[1A[2K[1A[2K[1A[2K[1A[2K[G
[32m●[39m [32mClient[39m [32m█[39m[32m█[39m[32m█[39m[32m█[39m[37m█[39m[37m█[39m[37m█[39m[37m█[39m[37m█[39m[37m█[39m[37m█[39m[37m█[39m[37m█[39m[37m█[39m[37m█[39m[37m█[39m[37m█[39m[37m█[39m[37m█[39m[37m█[39m[37m█[39m[37m█[39m[37m█[39m[37m█[39m[37m█[39m building (13%) [90m0/1 entries 170/249 dependencies 34/77 modules 0 active[39m 
 

[33m●[39m [33mServer[39m [33m█[39m[33m█[39m[33m█[39m[33m█[39m[33m█[39m[37m█[39m[37m█[39m[37m█[39m[37m█[39m[37m█[39m[37m█[39m[37m█[39m[37m█[39m[37m█[39m[37m█[39m[37m█[39m[37m█[39m[37m█[39m[37m█[39m[37m█[39m[37m█[39m[37m█[39m[37m█[39m[37m█[39m[37m█[39m building (18%) [90m0/1 entries 300/449 dependencies 80/153 modules 0 active[39m 
 

[32m[1m[SUCCESS][22m[39m Generated static files in [36m[4m"build/ar"[24m[39m.
[36m[1m[INFO][22m[39m [34m[1m[zh][22m[39m Creating an optimized production build...
[2K[1A[2K[1A[2K[1A[2K[1A[2K[1A[2K[1A[2K[1A[2K[1A[2K[1A[2K[G
[32m●[39m [32mClient[39m [32m█[39m[32m█[39m[32m█[39m[32m█[39m[37m█[39m[37m█[39m[37m█[39m[37m█[39m[37m█[39m[37m█[39m[37m█[39m[37m█[39m[37m█[39m[37m█[39m[37m█[39m[37m█[39m[37m█[39m[37m█[39m[37m█[39m[37m█[39m[37m█[39m[37m█[39m[37m█[39m[37m█[39m[37m█[39m building (13%) [90m0/1 entries 170/249 dependencies 34/77 modules 0 active[39m 
 

[33m●[39m [33mServer[39m [33m█[39m[33m█[39m[33m█[39m[33m█[39m[33m█[39m[33m█[39m[33m█[39m[37m█[39m[37m█[39m[37m█[39m[37m█[39m[37m█[39m[37m█[39m[37m█[39m[37m█[39m[37m█[39m[37m█[39m[37m█[39m[37m█[39m[37m█[39m[37m█[39m[37m█[39m[37m█[39m[37m█[39m[37m█[39m building (28%) [90m0/1 entries 764/900 dependencies 182/280 modules 0 active[39m 
 

[32m[1m[SUCCESS][22m[39m Generated static files in [36m[4m"build/ar"[24m[39m.
[36m[1m[INFO][22m[39m [34m[1m[zh][22m[39m Creating an optimized production build...
[2K[1A[2K[1A[2K[1A[2K[1A[2K[1A[2K[1A[2K[1A[2K[1A[2K[1A[2K[G
[32m●[39m [32mClient[39m [32m█[39m[32m█[39m[32m█[39m[32m█[39m[32m█[39m[32m█[39m[37m█[39m[37m█[39m[37m█[39m[37m█[39m[37m█[39m[37m█[39m[37m█[39m[37m█[39m[37m█[39m[37m█[39m[37m█[39m[37m█[39m[37m█[39m[37m█[39m[37m█[39m[37m█[39m[37m█[39m[37m█[39m[37m█[39m building (24%) [90m0/1 entries 700/797 dependencies 155/256 modules 0 active[39m 
 

[33m●[39m [33mServer[39m [33m█[39m[33m█[39m[33m█[39m[33m█[39m[33m█[39m[33m█[39m[33m█[39m[37m█[39m[37m█[39m[37m█[39m[37m█[39m[37m█[39m[37m█[39m[37m█[39m[37m█[39m[37m█[39m[37m█[39m[37m█[39m[37m█[39m[37m█[39m[37m█[39m[37m█[39m[37m█[39m[37m█[39m[37m█[39m building (28%) [90m0/1 entries 764/900 dependencies 182/280 modules 0 active[39m 
 

[32m[1m[SUCCESS][22m[39m Generated static files in [36m[4m"build/ar"[24m[39m.
[36m[1m[INFO][22m[39m [34m[1m[zh][22m[39m Creating an optimized production build...
[2K[1A[2K[1A[2K[1A[2K[1A[2K[1A[2K[1A[2K[1A[2K[1A[2K[1A[2K[G
[32m●[39m [32mClient[39m [32m█[39m[32m█[39m[32m█[39m[32m█[39m[32m█[39m[32m█[39m[32m█[39m[32m█[39m[37m█[39m[37m█[39m[37m█[39m[37m█[39m[37m█[39m[37m█[39m[37m█[39m[37m█[39m[37m█[39m[37m█[39m[37m█[39m[37m█[39m[37m█[39m[37m█[39m[37m█[39m[37m█[39m[37m█[39m building (29%) [90m0/1 entries 971/1110 dependencies 209/319 modules 1 active[39m 
 [90mlocales|lazy|/^\.\/.*\.json$/|referencedExports: [["default"],[],["default"],[]]|groupOptions: {}|namespace object[39m

[33m●[39m [33mServer[39m [33m█[39m[33m█[39m[33m█[39m[33m█[39m[33m█[39m[33m█[39m[33m█[39m[37m█[39m[37m█[39m[37m█[39m[37m█[39m[37m█[39m[37m█[39m[37m█[39m[37m█[39m[37m█[39m[37m█[39m[37m█[39m[37m█[39m[37m█[39m[37m█[39m[37m█[39m[37m█[39m[37m█[39m[37m█[39m building (28%) [90m0/1 entries 764/900 dependencies 182/280 modules 0 active[39m 
 

[32m[1m[SUCCESS][22m[39m Generated static files in [36m[4m"build/ar"[24m[39m.
[36m[1m[INFO][22m[39m [34m[1m[zh][22m[39m Creating an optimized production build...
[2K[1A[2K[1A[2K[1A[2K[1A[2K[1A[2K[1A[2K[1A[2K[1A[2K[1A[2K[G
[32m●[39m [32mClient[39m [32m█[39m[32m█[39m[32m█[39m[32m█[39m[32m█[39m[32m█[39m[32m█[39m[32m█[39m[32m█[39m[32m█[39m[37m█[39m[37m█[39m[37m█[39m[37m█[39m[37m█[39m[37m█[39m[37m█[39m[37m█[39m[37m█[39m[37m█[39m[37m█[39m[37m█[39m[37m█[39m[37m█[39m[37m█[39m building (39%) [90m0/1 entries 1222/1335 dependencies 319/413 modules 0 active[39m 
 

[33m●[39m [33mServer[39m [33m█[39m[33m█[39m[33m█[39m[33m█[39m[33m█[39m[33m█[39m[33m█[39m[37m█[39m[37m█[39m[37m█[39m[37m█[39m[37m█[39m[37m█[39m[37m█[39m[37m█[39m[37m█[39m[37m█[39m[37m█[39m[37m█[39m[37m█[39m[37m█[39m[37m█[39m[37m█[39m[37m█[39m[37m█[39m building (28%) [90m0/1 entries 764/900 dependencies 182/280 modules 0 active[39m 
 

[32m[1m[SUCCESS][22m[39m Generated static files in [36m[4m"build/ar"[24m[39m.
[36m[1m[INFO][22m[39m [34m[1m[zh][22m[39m Creating an optimized production build...
[2K[1A[2K[1A[2K[1A[2K[1A[2K[1A[2K[1A[2K[1A[2K[1A[2K[1A[2K[G
[32m●[39m [32mClient[39m [32m█[39m[32m█[39m[32m█[39m[32m█[39m[32m█[39m[32m█[39m[32m█[39m[32m█[39m[32m█[39m[32m█[39m[37m█[39m[37m█[39m[37m█[39m[37m█[39m[37m█[39m[37m█[39m[37m█[39m[37m█[39m[37m█[39m[37m█[39m[37m█[39m[37m█[39m[37m█[39m[37m█[39m[37m█[39m building (39%) [90m0/1 entries 1222/1335 dependencies 319/413 modules 0 active[39m 
 

[33m●[39m [33mServer[39m [33m█[39m[33m█[39m[33m█[39m[33m█[39m[33m█[39m[33m█[39m[33m█[39m[33m█[39m[33m█[39m[33m█[39m[33m█[39m[33m█[39m[33m█[39m[33m█[39m[37m█[39m[37m█[39m[37m█[39m[37m█[39m[37m█[39m[37m█[39m[37m█[39m[37m█[39m[37m█[39m[37m█[39m[37m█[39m building (53%) [90m0/1 entries 1556/1600 dependencies 417/480 modules 0 active[39m 
 

[32m[1m[SUCCESS][22m[39m Generated static files in [36m[4m"build/ar"[24m[39m.
[36m[1m[INFO][22m[39m [34m[1m[zh][22m[39m Creating an optimized production build...
[2K[1A[2K[1A[2K[1A[2K[1A[2K[1A[2K[1A[2K[1A[2K[1A[2K[1A[2K[G
[32m●[39m [32mClient[39m [32m█[39m[32m█[39m[32m█[39m[32m█[39m[32m█[39m[32m█[39m[32m█[39m[32m█[39m[32m█[39m[32m█[39m[37m█[39m[37m█[39m[37m█[39m[37m█[39m[37m█[39m[37m█[39m[37m█[39m[37m█[39m[37m█[39m[37m█[39m[37m█[39m[37m█[39m[37m█[39m[37m█[39m[37m█[39m building (39%) [90m0/1 entries 1222/1335 dependencies 319/413 modules 0 active[39m 
 

[33m●[39m [33mServer[39m [33m█[39m[33m█[39m[33m█[39m[33m█[39m[33m█[39m[33m█[39m[33m█[39m[33m█[39m[33m█[39m[33m█[39m[33m█[39m[33m█[39m[33m█[39m[33m█[39m[33m█[39m[33m█[39m[33m█[39m[37m█[39m[37m█[39m[37m█[39m[37m█[39m[37m█[39m[37m█[39m[37m█[39m[37m█[39m building (65%) [90m1/1 entries 1779/1779 dependencies 528/528 modules 0 active[39m 
 

[32m[1m[SUCCESS][22m[39m Generated static files in [36m[4m"build/ar"[24m[39m.
[36m[1m[INFO][22m[39m [34m[1m[zh][22m[39m Creating an optimized production build...
[2K[1A[2K[1A[2K[1A[2K[1A[2K[1A[2K[1A[2K[1A[2K[1A[2K[1A[2K[G
[32m●[39m [32mClient[39m [32m█[39m[32m█[39m[32m█[39m[32m█[39m[32m█[39m[32m█[39m[32m█[39m[32m█[39m[32m█[39m[32m█[39m[37m█[39m[37m█[39m[37m█[39m[37m█[39m[37m█[39m[37m█[39m[37m█[39m[37m█[39m[37m█[39m[37m█[39m[37m█[39m[37m█[39m[37m█[39m[37m█[39m[37m█[39m building (39%) [90m0/1 entries 1222/1335 dependencies 319/413 modules 0 active[39m 
 

[33m●[39m [33mServer[39m [33m█[39m[33m█[39m[33m█[39m[33m█[39m[33m█[39m[33m█[39m[33m█[39m[33m█[39m[33m█[39m[33m█[39m[33m█[39m[33m█[39m[33m█[39m[33m█[39m[33m█[39m[33m█[39m[33m█[39m[33m█[39m[37m█[39m[37m█[39m[37m█[39m[37m█[39m[37m█[39m[37m█[39m[37m█[39m sealing (71%)  
 [90mdependencies optimization[39m

[32m[1m[SUCCESS][22m[39m Generated static files in [36m[4m"build/ar"[24m[39m.
[36m[1m[INFO][22m[39m [34m[1m[zh][22m[39m Creating an optimized production build...
[2K[1A[2K[1A[2K[1A[2K[1A[2K[1A[2K[1A[2K[1A[2K[1A[2K[1A[2K[G
[32m●[39m [32mClient[39m [32m█[39m[32m█[39m[32m█[39m[32m█[39m[32m█[39m[32m█[39m[32m█[39m[32m█[39m[32m█[39m[32m█[39m[37m█[39m[37m█[39m[37m█[39m[37m█[39m[37m█[39m[37m█[39m[37m█[39m[37m█[39m[37m█[39m[37m█[39m[37m█[39m[37m█[39m[37m█[39m[37m█[39m[37m█[39m building (39%) [90m0/1 entries 1222/1335 dependencies 319/413 modules 0 active[39m 
 

[33m●[39m [33mServer[39m [33m█[39m[33m█[39m[33m█[39m[33m█[39m[33m█[39m[33m█[39m[33m█[39m[33m█[39m[33m█[39m[33m█[39m[33m█[39m[33m█[39m[33m█[39m[33m█[39m[33m█[39m[33m█[39m[33m█[39m[33m█[39m[33m█[39m[33m█[39m[33m█[39m[33m█[39m[33m█[39m[37m█[39m[37m█[39m sealing (89%)  
 [90mhashing[39m

[32m[1m[SUCCESS][22m[39m Generated static files in [36m[4m"build/ar"[24m[39m.
[36m[1m[INFO][22m[39m [34m[1m[zh][22m[39m Creating an optimized production build...
[2K[1A[2K[1A[2K[1A[2K[1A[2K[1A[2K[1A[2K[1A[2K[1A[2K[1A[2K[G
[32m●[39m [32mClient[39m [32m█[39m[32m█[39m[32m█[39m[32m█[39m[32m█[39m[32m█[39m[32m█[39m[32m█[39m[32m█[39m[32m█[39m[37m█[39m[37m█[39m[37m█[39m[37m█[39m[37m█[39m[37m█[39m[37m█[39m[37m█[39m[37m█[39m[37m█[39m[37m█[39m[37m█[39m[37m█[39m[37m█[39m[37m█[39m building (39%) [90m0/1 entries 1222/1335 dependencies 319/413 modules 0 active[39m 
 

[33m✔ Server[39m
[90m  Compiled successfully in 2.65s[39m

[32m[1m[SUCCESS][22m[39m Generated static files in [36m[4m"build/ar"[24m[39m.
[36m[1m[INFO][22m[39m [34m[1m[zh][22m[39m Creating an optimized production build...
[2K[1A[2K[1A[2K[1A[2K[1A[2K[1A[2K[1A[2K[1A[2K[1A[2K[1A[2K[G
[32m●[39m [32mClient[39m [32m█[39m[32m█[39m[32m█[39m[32m█[39m[32m█[39m[32m█[39m[32m█[39m[32m█[39m[32m█[39m[32m█[39m[32m█[39m[32m█[39m[32m█[39m[32m█[39m[32m█[39m[32m█[39m[32m█[39m[32m█[39m[37m█[39m[37m█[39m[37m█[39m[37m█[39m[37m█[39m[37m█[39m[37m█[39m sealing (70%)  
 [90mplugins[39m

[33m✔ Server[39m
[90m  [39m

[32m[1m[SUCCESS][22m[39m Generated static files in [36m[4m"build/ar"[24m[39m.
[36m[1m[INFO][22m[39m [34m[1m[zh][22m[39m Creating an optimized production build...
[2K[1A[2K[1A[2K[1A[2K[1A[2K[1A[2K[1A[2K[1A[2K[1A[2K[1A[2K[G
[32m●[39m [32mClient[39m [32m█[39m[32m█[39m[32m█[39m[32m█[39m[32m█[39m[32m█[39m[32m█[39m[32m█[39m[32m█[39m[32m█[39m[32m█[39m[32m█[39m[32m█[39m[32m█[39m[32m█[39m[32m█[39m[32m█[39m[32m█[39m[32m█[39m[37m█[39m[37m█[39m[37m█[39m[37m█[39m[37m█[39m[37m█[39m sealing (75%) [90mchunk optimization[39m 
 [90mRemoveEmptyChunksPlugin[39m

[33m✔ Server[39m
[90m  [39m

[32m[1m[SUCCESS][22m[39m Generated static files in [36m[4m"build/ar"[24m[39m.
[36m[1m[INFO][22m[39m [34m[1m[zh][22m[39m Creating an optimized production build...
[2K[1A[2K[1A[2K[1A[2K[1A[2K[1A[2K[1A[2K[1A[2K[1A[2K[1A[2K[G
[32m●[39m [32mClient[39m [32m█[39m[32m█[39m[32m█[39m[32m█[39m[32m█[39m[32m█[39m[32m█[39m[32m█[39m[32m█[39m[32m█[39m[32m█[39m[32m█[39m[32m█[39m[32m█[39m[32m█[39m[32m█[39m[32m█[39m[32m█[39m[32m█[39m[32m█[39m[37m█[39m[37m█[39m[37m█[39m[37m█[39m[37m█[39m sealing (78%)  
 [90mchunk modules optimization[39m

[33m✔ Server[39m
[90m  [39m

[32m[1m[SUCCESS][22m[39m Generated static files in [36m[4m"build/ar"[24m[39m.
[36m[1m[INFO][22m[39m [34m[1m[zh][22m[39m Creating an optimized production build...
[2K[1A[2K[1A[2K[1A[2K[1A[2K[1A[2K[1A[2K[1A[2K[1A[2K[1A[2K[G
[32m●[39m [32mClient[39m [32m█[39m[32m█[39m[32m█[39m[32m█[39m[32m█[39m[32m█[39m[32m█[39m[32m█[39m[32m█[39m[32m█[39m[32m█[39m[32m█[39m[32m█[39m[32m█[39m[32m█[39m[32m█[39m[32m█[39m[32m█[39m[32m█[39m[32m█[39m[32m█[39m[32m█[39m[37m█[39m[37m█[39m[37m█[39m sealing (87%)  
 [90mcode generation[39m

[33m✔ Server[39m
[90m  [39m

[32m[1m[SUCCESS][22m[39m Generated static files in [36m[4m"build/ar"[24m[39m.
[36m[1m[INFO][22m[39m [34m[1m[zh][22m[39m Creating an optimized production build...
[2K[1A[2K[1A[2K[1A[2K[1A[2K[1A[2K[1A[2K[1A[2K[1A[2K[1A[2K[G
[32m●[39m [32mClient[39m [32m█[39m[32m█[39m[32m█[39m[32m█[39m[32m█[39m[32m█[39m[32m█[39m[32m█[39m[32m█[39m[32m█[39m[32m█[39m[32m█[39m[32m█[39m[32m█[39m[32m█[39m[32m█[39m[32m█[39m[32m█[39m[32m█[39m[32m█[39m[32m█[39m[32m█[39m[32m█[39m[37m█[39m[37m█[39m sealing (92%)  
 [90masset processing[39m

[33m✔ Server[39m
[90m  [39m

[32m[1m[SUCCESS][22m[39m Generated static files in [36m[4m"build/ar"[24m[39m.
[36m[1m[INFO][22m[39m [34m[1m[zh][22m[39m Creating an optimized production build...
[2K[1A[2K[1A[2K[1A[2K[1A[2K[1A[2K[1A[2K[1A[2K[1A[2K[1A[2K[G
[32m✔ Client[39m
[90m  Compiled successfully in 2.97s[39m

[33m✔ Server[39m
[90m  [39m

[32m[1m[SUCCESS][22m[39m Generated static files in [36m[4m"build/ar"[24m[39m.
[36m[1m[INFO][22m[39m [34m[1m[zh][22m[39m Creating an optimized production build...
[33m[1m[WARNING][22m {"moduleIdentifier":"/home/ed/Documents/LSTS/human-0.com/node_modules/.pnpm/babel-loader@9.2.1_@babel+core@7.28.5_webpack@5.103.0/node_modules/babel-loader/lib/index.js??ruleSet[1].rules[5].use[0]!/home/ed/Documents/LSTS/human-0.com/apps/docs/src/components/Translate/index.tsx","moduleName":"./src/components/Translate/index.tsx","loc":"5:108-118","message":"Critical dependency: the request of a dependency is an expression","compilerPath":"server"}[39m

[32m●[39m [32mClient[39m [32m█[39m[32m█[39m[32m█[39m[32m█[39m[32m█[39m[32m█[39m[32m█[39m[32m█[39m[32m█[39m[32m█[39m[32m█[39m[32m█[39m[32m█[39m[32m█[39m[32m█[39m[32m█[39m[32m█[39m[32m█[39m[32m█[39m[32m█[39m[32m█[39m[32m█[39m[32m█[39m[32m█[39m[32m█[39m cache (99%) [90mshutdown[39m [90mIdleFileCachePlugin[39m
 [90mserialize pack[39m

[33m●[39m [33mServer[39m [33m█[39m[33m█[39m[33m█[39m[33m█[39m[33m█[39m[33m█[39m[33m█[39m[33m█[39m[33m█[39m[33m█[39m[33m█[39m[33m█[39m[33m█[39m[33m█[39m[33m█[39m[33m█[39m[33m█[39m[33m█[39m[33m█[39m[33m█[39m[33m█[39m[33m█[39m[33m█[39m[33m█[39m[33m█[39m cache (99%) [90mshutdown[39m [90mIdleFileCachePlugin[39m
 [90mstored[39m

[2K[1A[2K[1A[2K[1A[2K[1A[2K[1A[2K[1A[2K[1A[2K[G
[32m●[39m [32mClient[39m [32m█[39m[32m█[39m[32m█[39m[32m█[39m[32m█[39m[32m█[39m[32m█[39m[32m█[39m[32m█[39m[32m█[39m[32m█[39m[32m█[39m[32m█[39m[32m█[39m[32m█[39m[32m█[39m[32m█[39m[32m█[39m[32m█[39m[32m█[39m[32m█[39m[32m█[39m[32m█[39m[32m█[39m[32m█[39m cache (99%) [90mshutdown[39m [90mIdleFileCachePlugin[39m
 [90mstored[39m

[33m✔ Server[39m
[90m  [39m

[32m[1m[SUCCESS][22m[39m Generated static files in [36m[4m"build/zh"[24m[39m.
[36m[1m[INFO][22m[39m Use [36m`npm run serve`[39m command to test your build locally.
